tabla,nombre,regla
"carrera","carrera_id_carrera_not_null","NOT NULL id_carrera"
"carrera","carrera_nombre_key","UNIQUE (nombre)"
"carrera","carrera_nombre_not_null","NOT NULL nombre"
"carrera","carrera_pkey","PRIMARY KEY (id_carrera)"
"curso","curso_codigo_key","UNIQUE (codigo)"
"curso","curso_codigo_not_null","NOT NULL codigo"
"curso","curso_creditos_check","CHECK (((creditos >= 1) AND (creditos <= 12)))"
"curso","curso_creditos_not_null","NOT NULL creditos"
"curso","curso_id_curso_not_null","NOT NULL id_curso"
"curso","curso_nombre_not_null","NOT NULL nombre"
"curso","curso_pkey","PRIMARY KEY (id_curso)"
"docente","docente_alias_key","UNIQUE (alias)"
"docente","docente_alias_not_null","NOT NULL alias"
"docente","docente_id_docente_not_null","NOT NULL id_docente"
"docente","docente_pkey","PRIMARY KEY (id_docente)"
"estudiante","estudiante_alias_key","UNIQUE (alias)"
"estudiante","estudiante_alias_not_null","NOT NULL alias"
"estudiante","estudiante_id_estudiante_not_null","NOT NULL id_estudiante"
"estudiante","estudiante_pkey","PRIMARY KEY (id_estudiante)"
"grupo","grupo_capacidad_corte_check","CHECK ((capacidad_corte > 0))"
"grupo","grupo_capacidad_corte_not_null","NOT NULL capacidad_corte"
"grupo","grupo_id_curso_fkey","FOREIGN KEY (id_curso) REFERENCES curso(id_curso)"
"grupo","grupo_id_curso_id_periodo_id_sede_numero_grupo_key","UNIQUE (id_curso, id_periodo, id_sede, numero_grupo)"
"grupo","grupo_id_curso_not_null","NOT NULL id_curso"
"grupo","grupo_id_docente_fkey","FOREIGN KEY (id_docente) REFERENCES docente(id_docente)"
"grupo","grupo_id_docente_not_null","NOT NULL id_docente"
"grupo","grupo_id_grupo_not_null","NOT NULL id_grupo"
"grupo","grupo_id_horario_fkey","FOREIGN KEY (id_horario) REFERENCES horario(id_horario)"
"grupo","grupo_id_horario_not_null","NOT NULL id_horario"
"grupo","grupo_id_modalidad_fkey","FOREIGN KEY (id_modalidad) REFERENCES modalidad(id_modalidad)"
"grupo","grupo_id_modalidad_not_null","NOT NULL id_modalidad"
"grupo","grupo_id_periodo_fkey","FOREIGN KEY (id_periodo) REFERENCES periodo(id_periodo)"
"grupo","grupo_id_periodo_not_null","NOT NULL id_periodo"
"grupo","grupo_id_sede_fkey","FOREIGN KEY (id_sede) REFERENCES sede(id_sede)"
"grupo","grupo_id_sede_not_null","NOT NULL id_sede"
"grupo","grupo_numero_grupo_check","CHECK ((numero_grupo > 0))"
"grupo","grupo_numero_grupo_not_null","NOT NULL numero_grupo"
"grupo","grupo_pkey","PRIMARY KEY (id_grupo)"
"horario","horario_franja_key","UNIQUE (franja)"
"horario","horario_franja_not_null","NOT NULL franja"
"horario","horario_id_horario_not_null","NOT NULL id_horario"
"horario","horario_pkey","PRIMARY KEY (id_horario)"
"matricula","matricula_check","CHECK (((((estado)::text = 'APROBADO'::text) AND (nota IS NOT NULL) AND (nota >= (70)::numeric) AND (fecha_retiro IS NULL)) OR (((estado)::text = 'REPROBADO'::text) AND (nota IS NOT NULL) AND (nota < (70)::numeric) AND (fecha_retiro IS NULL)) OR (((estado)::text = 'RETIRADO'::text) AND (nota IS NULL) AND (fecha_retiro IS NOT NULL) AND (fecha_retiro >= fecha)) OR (((estado)::text = 'PENDIENTE'::text) AND (nota IS NULL) AND (fecha_retiro IS NULL))))"
"matricula","matricula_estado_check","CHECK (((estado)::text = ANY ((ARRAY['APROBADO'::character varying, 'REPROBADO'::character varying, 'RETIRADO'::character varying, 'PENDIENTE'::character varying])::text[])))"
"matricula","matricula_estado_not_null","NOT NULL estado"
"matricula","matricula_fecha_not_null","NOT NULL fecha"
"matricula","matricula_id_grupo_fkey","FOREIGN KEY (id_grupo) REFERENCES grupo(id_grupo)"
"matricula","matricula_id_grupo_not_null","NOT NULL id_grupo"
"matricula","matricula_id_matricula_not_null","NOT NULL id_matricula"
"matricula","matricula_id_solicitud_fkey","FOREIGN KEY (id_solicitud) REFERENCES solicitud(id_solicitud)"
"matricula","matricula_id_solicitud_key","UNIQUE (id_solicitud)"
"matricula","matricula_id_solicitud_not_null","NOT NULL id_solicitud"
"matricula","matricula_nota_check","CHECK (((nota IS NULL) OR ((nota >= (0)::numeric) AND (nota <= (100)::numeric))))"
"matricula","matricula_pkey","PRIMARY KEY (id_matricula)"
"modalidad","modalidad_id_modalidad_not_null","NOT NULL id_modalidad"
"modalidad","modalidad_nombre_key","UNIQUE (nombre)"
"modalidad","modalidad_nombre_not_null","NOT NULL nombre"
"modalidad","modalidad_pkey","PRIMARY KEY (id_modalidad)"
"periodo","periodo_anio_not_null","NOT NULL anio"
"periodo","periodo_anio_numero_key","UNIQUE (anio, numero)"
"periodo","periodo_check","CHECK (((inicio <= corte_matricula) AND (corte_matricula < fin)))"
"periodo","periodo_codigo_key","UNIQUE (codigo)"
"periodo","periodo_codigo_not_null","NOT NULL codigo"
"periodo","periodo_corte_matricula_not_null","NOT NULL corte_matricula"
"periodo","periodo_fin_not_null","NOT NULL fin"
"periodo","periodo_id_periodo_not_null","NOT NULL id_periodo"
"periodo","periodo_inicio_not_null","NOT NULL inicio"
"periodo","periodo_numero_check","CHECK ((numero = ANY (ARRAY[1, 2])))"
"periodo","periodo_numero_not_null","NOT NULL numero"
"periodo","periodo_pkey","PRIMARY KEY (id_periodo)"
"sede","sede_id_sede_not_null","NOT NULL id_sede"
"sede","sede_nombre_key","UNIQUE (nombre)"
"sede","sede_nombre_not_null","NOT NULL nombre"
"sede","sede_pkey","PRIMARY KEY (id_sede)"
"solicitud","solicitud_fecha_not_null","NOT NULL fecha"
"solicitud","solicitud_id_curso_fkey","FOREIGN KEY (id_curso) REFERENCES curso(id_curso)"
"solicitud","solicitud_id_curso_not_null","NOT NULL id_curso"
"solicitud","solicitud_id_estudiante_id_periodo_fkey","FOREIGN KEY (id_estudiante, id_periodo) REFERENCES trayectoria(id_estudiante, id_periodo)"
"solicitud","solicitud_id_estudiante_id_periodo_id_curso_key","UNIQUE (id_estudiante, id_periodo, id_curso)"
"solicitud","solicitud_id_estudiante_not_null","NOT NULL id_estudiante"
"solicitud","solicitud_id_horario_fkey","FOREIGN KEY (id_horario) REFERENCES horario(id_horario)"
"solicitud","solicitud_id_horario_not_null","NOT NULL id_horario"
"solicitud","solicitud_id_periodo_not_null","NOT NULL id_periodo"
"solicitud","solicitud_id_sede_fkey","FOREIGN KEY (id_sede) REFERENCES sede(id_sede)"
"solicitud","solicitud_id_sede_not_null","NOT NULL id_sede"
"solicitud","solicitud_id_solicitud_not_null","NOT NULL id_solicitud"
"solicitud","solicitud_pkey","PRIMARY KEY (id_solicitud)"
"solicitud","solicitud_resultado_check","CHECK (((resultado)::text = ANY ((ARRAY['ASIGNADA'::character varying, 'SIN_CUPO'::character varying, 'NO_ELEGIBLE'::character varying, 'DESISTIDA'::character varying])::text[])))"
"solicitud","solicitud_resultado_not_null","NOT NULL resultado"
"trayectoria","trayectoria_cohorte_not_null","NOT NULL cohorte"
"trayectoria","trayectoria_id_carrera_fkey","FOREIGN KEY (id_carrera) REFERENCES carrera(id_carrera)"
"trayectoria","trayectoria_id_carrera_not_null","NOT NULL id_carrera"
"trayectoria","trayectoria_id_estudiante_fkey","FOREIGN KEY (id_estudiante) REFERENCES estudiante(id_estudiante)"
"trayectoria","trayectoria_id_estudiante_not_null","NOT NULL id_estudiante"
"trayectoria","trayectoria_id_periodo_fkey","FOREIGN KEY (id_periodo) REFERENCES periodo(id_periodo)"
"trayectoria","trayectoria_id_periodo_not_null","NOT NULL id_periodo"
"trayectoria","trayectoria_pkey","PRIMARY KEY (id_estudiante, id_periodo)"
