id_estudiante,alias
1,Estudiante 0001
2,Estudiante 0002
3,Estudiante 0003
4,Estudiante 0004
5,Estudiante 0005
6,Estudiante 0006
7,Estudiante 0007
8,Estudiante 0008
9,Estudiante 0009
10,Estudiante 0010
11,Estudiante 0011
12,Estudiante 0012
13,Estudiante 0013
14,Estudiante 0014
15,Estudiante 0015
16,Estudiante 0016
17,Estudiante 0017
18,Estudiante 0018
19,Estudiante 0019
20,Estudiante 0020
21,Estudiante 0021
22,Estudiante 0022
23,Estudiante 0023
24,Estudiante 0024
25,Estudiante 0025
26,Estudiante 0026
27,Estudiante 0027
28,Estudiante 0028
29,Estudiante 0029
30,Estudiante 0030
31,Estudiante 0031
32,Estudiante 0032
33,Estudiante 0033
34,Estudiante 0034
35,Estudiante 0035
36,Estudiante 0036
37,Estudiante 0037
38,Estudiante 0038
39,Estudiante 0039
40,Estudiante 0040
41,Estudiante 0041
42,Estudiante 0042
43,Estudiante 0043
44,Estudiante 0044
45,Estudiante 0045
46,Estudiante 0046
47,Estudiante 0047
48,Estudiante 0048
49,Estudiante 0049
50,Estudiante 0050
51,Estudiante 0051
52,Estudiante 0052
53,Estudiante 0053
54,Estudiante 0054
55,Estudiante 0055
56,Estudiante 0056
57,Estudiante 0057
58,Estudiante 0058
59,Estudiante 0059
60,Estudiante 0060
61,Estudiante 0061
62,Estudiante 0062
63,Estudiante 0063
64,Estudiante 0064
65,Estudiante 0065
66,Estudiante 0066
67,Estudiante 0067
68,Estudiante 0068
69,Estudiante 0069
70,Estudiante 0070
71,Estudiante 0071
72,Estudiante 0072
73,Estudiante 0073
74,Estudiante 0074
75,Estudiante 0075
76,Estudiante 0076
77,Estudiante 0077
78,Estudiante 0078
79,Estudiante 0079
80,Estudiante 0080
81,Estudiante 0081
82,Estudiante 0082
83,Estudiante 0083
84,Estudiante 0084
85,Estudiante 0085
86,Estudiante 0086
87,Estudiante 0087
88,Estudiante 0088
89,Estudiante 0089
90,Estudiante 0090
91,Estudiante 0091
92,Estudiante 0092
93,Estudiante 0093
94,Estudiante 0094
95,Estudiante 0095
96,Estudiante 0096
97,Estudiante 0097
98,Estudiante 0098
99,Estudiante 0099
100,Estudiante 0100
101,Estudiante 0101
102,Estudiante 0102
103,Estudiante 0103
104,Estudiante 0104
105,Estudiante 0105
106,Estudiante 0106
107,Estudiante 0107
108,Estudiante 0108
109,Estudiante 0109
110,Estudiante 0110
111,Estudiante 0111
112,Estudiante 0112
113,Estudiante 0113
114,Estudiante 0114
115,Estudiante 0115
116,Estudiante 0116
117,Estudiante 0117
118,Estudiante 0118
119,Estudiante 0119
120,Estudiante 0120
121,Estudiante 0121
122,Estudiante 0122
123,Estudiante 0123
124,Estudiante 0124
125,Estudiante 0125
126,Estudiante 0126
127,Estudiante 0127
128,Estudiante 0128
129,Estudiante 0129
130,Estudiante 0130
131,Estudiante 0131
132,Estudiante 0132
133,Estudiante 0133
134,Estudiante 0134
135,Estudiante 0135
136,Estudiante 0136
137,Estudiante 0137
138,Estudiante 0138
139,Estudiante 0139
140,Estudiante 0140
141,Estudiante 0141
142,Estudiante 0142
143,Estudiante 0143
144,Estudiante 0144
145,Estudiante 0145
146,Estudiante 0146
147,Estudiante 0147
148,Estudiante 0148
149,Estudiante 0149
150,Estudiante 0150
151,Estudiante 0151
152,Estudiante 0152
153,Estudiante 0153
154,Estudiante 0154
155,Estudiante 0155
156,Estudiante 0156
157,Estudiante 0157
158,Estudiante 0158
159,Estudiante 0159
160,Estudiante 0160
161,Estudiante 0161
162,Estudiante 0162
163,Estudiante 0163
164,Estudiante 0164
165,Estudiante 0165
166,Estudiante 0166
167,Estudiante 0167
168,Estudiante 0168
169,Estudiante 0169
170,Estudiante 0170
171,Estudiante 0171
172,Estudiante 0172
173,Estudiante 0173
174,Estudiante 0174
175,Estudiante 0175
176,Estudiante 0176
177,Estudiante 0177
178,Estudiante 0178
179,Estudiante 0179
180,Estudiante 0180
181,Estudiante 0181
182,Estudiante 0182
183,Estudiante 0183
184,Estudiante 0184
185,Estudiante 0185
186,Estudiante 0186
187,Estudiante 0187
188,Estudiante 0188
189,Estudiante 0189
190,Estudiante 0190
191,Estudiante 0191
192,Estudiante 0192
193,Estudiante 0193
194,Estudiante 0194
195,Estudiante 0195
196,Estudiante 0196
197,Estudiante 0197
198,Estudiante 0198
199,Estudiante 0199
200,Estudiante 0200
201,Estudiante 0201
202,Estudiante 0202
203,Estudiante 0203
204,Estudiante 0204
205,Estudiante 0205
206,Estudiante 0206
207,Estudiante 0207
208,Estudiante 0208
209,Estudiante 0209
210,Estudiante 0210
211,Estudiante 0211
212,Estudiante 0212
213,Estudiante 0213
214,Estudiante 0214
215,Estudiante 0215
216,Estudiante 0216
217,Estudiante 0217
218,Estudiante 0218
219,Estudiante 0219
220,Estudiante 0220
221,Estudiante 0221
222,Estudiante 0222
223,Estudiante 0223
224,Estudiante 0224
225,Estudiante 0225
226,Estudiante 0226
227,Estudiante 0227
228,Estudiante 0228
229,Estudiante 0229
230,Estudiante 0230
231,Estudiante 0231
232,Estudiante 0232
233,Estudiante 0233
234,Estudiante 0234
235,Estudiante 0235
236,Estudiante 0236
237,Estudiante 0237
238,Estudiante 0238
239,Estudiante 0239
240,Estudiante 0240
