id_matricula,id_solicitud,id_grupo,fecha,estado,nota,fecha_retiro
1,1,70,2024-02-05,APROBADO,91.6,
2,2,32,2024-02-11,REPROBADO,64.48,
3,3,7,2024-02-06,REPROBADO,41.69,
4,4,53,2024-02-08,RETIRADO,,2024-03-14
5,5,75,2024-02-09,APROBADO,91.73,
6,6,25,2024-02-09,APROBADO,77.42,
7,7,12,2024-02-02,REPROBADO,22.63,
8,8,40,2024-02-04,APROBADO,76.59,
9,9,55,2024-02-10,APROBADO,73.71,
10,10,4,2024-02-10,APROBADO,98.66,
11,11,65,2024-02-02,APROBADO,74.77,
12,14,62,2024-02-04,APROBADO,80.56,
13,15,17,2024-02-09,APROBADO,89.31,
14,16,65,2024-02-12,APROBADO,91.69,
15,17,12,2024-02-10,REPROBADO,65.4,
16,18,30,2024-02-07,APROBADO,93.03,
17,19,64,2024-02-11,REPROBADO,68.41,
18,20,19,2024-02-07,APROBADO,76.06,
19,21,30,2024-02-07,APROBADO,82.18,
20,22,20,2024-02-02,APROBADO,76.4,
21,23,37,2024-02-05,APROBADO,93.7,
22,24,59,2024-02-05,APROBADO,70.02,
23,25,52,2024-02-11,APROBADO,73.89,
24,26,59,2024-02-09,APROBADO,83.7,
25,27,28,2024-02-08,APROBADO,78.73,
26,29,19,2024-02-03,APROBADO,94.54,
27,30,37,2024-02-09,REPROBADO,47.73,
28,31,13,2024-02-05,APROBADO,99.03,
29,32,6,2024-02-07,APROBADO,86.11,
30,33,11,2024-02-07,REPROBADO,48.22,
31,35,30,2024-02-04,RETIRADO,,2024-04-19
32,36,37,2024-02-09,APROBADO,77.51,
33,37,7,2024-02-06,APROBADO,71.14,
34,38,40,2024-02-11,APROBADO,93.66,
35,39,19,2024-02-02,APROBADO,81.32,
36,40,55,2024-02-11,APROBADO,88.58,
37,41,56,2024-02-10,REPROBADO,47.96,
38,42,65,2024-02-02,APROBADO,87.96,
39,43,28,2024-02-04,APROBADO,94.88,
40,44,19,2024-02-09,APROBADO,70.18,
41,45,64,2024-02-12,REPROBADO,53.33,
42,46,46,2024-02-12,APROBADO,87.23,
43,47,57,2024-02-06,APROBADO,91.29,
44,48,43,2024-02-05,APROBADO,91.65,
45,49,47,2024-02-10,APROBADO,75.44,
46,50,14,2024-02-10,APROBADO,70.88,
47,51,1,2024-02-07,APROBADO,85.34,
48,53,28,2024-02-04,APROBADO,82.94,
49,54,53,2024-02-09,APROBADO,72.66,
50,55,78,2024-02-04,APROBADO,92.42,
51,57,1,2024-02-02,REPROBADO,51.25,
52,58,74,2024-02-11,APROBADO,95.26,
53,59,56,2024-02-08,RETIRADO,,2024-03-06
54,60,31,2024-02-09,APROBADO,92.32,
55,61,55,2024-02-04,REPROBADO,68.99,
56,62,20,2024-02-12,REPROBADO,24.24,
57,63,34,2024-02-11,RETIRADO,,2024-03-20
58,64,74,2024-02-05,APROBADO,93.74,
59,65,17,2024-02-09,APROBADO,82.21,
60,66,64,2024-02-10,APROBADO,80.19,
61,67,55,2024-02-03,APROBADO,74.38,
62,68,2,2024-02-05,APROBADO,77.29,
63,69,4,2024-02-07,APROBADO,84.91,
64,70,10,2024-02-09,APROBADO,71.15,
65,71,32,2024-02-06,APROBADO,99.44,
66,72,50,2024-02-10,APROBADO,81.31,
67,73,37,2024-02-05,RETIRADO,,2024-03-25
68,74,55,2024-02-11,RETIRADO,,2024-03-07
69,75,11,2024-02-06,REPROBADO,20.07,
70,76,47,2024-02-11,APROBADO,79.27,
71,77,47,2024-02-05,APROBADO,85.95,
72,78,69,2024-02-10,APROBADO,92.94,
73,79,26,2024-02-11,APROBADO,87.75,
74,80,10,2024-02-08,APROBADO,73.03,
75,81,64,2024-02-10,APROBADO,75.55,
76,83,1,2024-02-05,APROBADO,96.61,
77,85,19,2024-02-12,APROBADO,79.11,
78,87,48,2024-02-11,REPROBADO,54.56,
79,88,43,2024-02-12,APROBADO,81.31,
80,89,29,2024-02-06,REPROBADO,35.11,
81,90,7,2024-02-06,APROBADO,97.15,
82,91,70,2024-02-06,APROBADO,70.9,
83,92,38,2024-02-09,APROBADO,95.27,
84,93,4,2024-02-08,APROBADO,71.53,
85,94,47,2024-02-02,APROBADO,72.92,
86,95,10,2024-02-12,REPROBADO,20.83,
87,98,52,2024-02-07,RETIRADO,,2024-04-13
88,99,43,2024-02-05,APROBADO,70.73,
89,100,73,2024-02-02,REPROBADO,50.55,
90,102,28,2024-02-05,REPROBADO,23.37,
91,103,73,2024-02-08,RETIRADO,,2024-03-24
92,104,11,2024-02-10,APROBADO,99.26,
93,105,73,2024-02-08,REPROBADO,37.71,
94,106,67,2024-02-02,APROBADO,85.72,
95,107,2,2024-02-12,REPROBADO,22.14,
96,108,46,2024-02-05,REPROBADO,62.72,
97,109,10,2024-02-08,REPROBADO,32.86,
98,110,31,2024-02-03,APROBADO,76.61,
99,111,1,2024-02-08,RETIRADO,,2024-03-04
100,112,61,2024-02-09,APROBADO,81.55,
101,113,74,2024-02-09,REPROBADO,44.89,
102,114,12,2024-02-12,APROBADO,98.86,
103,116,49,2024-02-11,REPROBADO,26.59,
104,117,70,2024-02-04,APROBADO,71.8,
105,118,7,2024-02-08,APROBADO,80.6,
106,120,23,2024-02-02,RETIRADO,,2024-03-02
107,121,38,2024-02-07,APROBADO,79.17,
108,122,67,2024-02-06,APROBADO,87.48,
109,123,22,2024-02-12,REPROBADO,46.55,
110,124,58,2024-02-03,REPROBADO,64.07,
111,125,11,2024-02-02,APROBADO,84.28,
112,126,64,2024-02-09,APROBADO,84.15,
113,127,4,2024-02-02,APROBADO,75.12,
114,128,20,2024-02-09,APROBADO,99.21,
115,129,27,2024-02-08,APROBADO,75.45,
116,130,40,2024-02-07,APROBADO,96.08,
117,131,3,2024-02-10,RETIRADO,,2024-04-18
118,132,46,2024-02-07,APROBADO,71.14,
119,133,38,2024-02-12,APROBADO,72.52,
120,134,74,2024-02-06,APROBADO,98.47,
121,135,2,2024-02-07,RETIRADO,,2024-03-23
122,136,16,2024-02-03,APROBADO,97.56,
123,137,34,2024-02-12,APROBADO,98.46,
124,138,21,2024-02-10,APROBADO,73.2,
125,139,56,2024-02-11,APROBADO,89.48,
126,140,38,2024-02-03,REPROBADO,24.74,
127,141,5,2024-02-05,APROBADO,81.43,
128,142,32,2024-02-07,APROBADO,97.45,
129,143,46,2024-02-03,APROBADO,97.44,
130,144,56,2024-02-12,APROBADO,80.54,
131,145,25,2024-02-02,APROBADO,75.8,
132,146,2,2024-02-06,APROBADO,71.45,
133,147,40,2024-02-08,APROBADO,71.5,
134,148,46,2024-02-04,APROBADO,98.14,
135,149,73,2024-02-06,APROBADO,74.65,
136,150,56,2024-02-05,RETIRADO,,2024-04-10
137,151,14,2024-02-07,APROBADO,71.43,
138,153,77,2024-02-05,APROBADO,90.35,
139,154,34,2024-02-05,APROBADO,94.67,
140,155,66,2024-02-07,REPROBADO,56.14,
141,156,22,2024-02-03,APROBADO,77.17,
142,157,29,2024-02-09,REPROBADO,49.4,
143,159,76,2024-02-04,REPROBADO,38.89,
144,160,37,2024-02-04,APROBADO,72.87,
145,161,29,2024-02-11,APROBADO,80.28,
146,162,17,2024-02-05,REPROBADO,65.38,
147,163,73,2024-02-07,APROBADO,81.52,
148,167,10,2024-02-07,APROBADO,77.74,
149,168,1,2024-02-05,APROBADO,79.61,
150,170,30,2024-02-07,APROBADO,86.2,
151,171,38,2024-02-10,APROBADO,95.53,
152,172,80,2024-02-11,RETIRADO,,2024-03-26
153,175,66,2024-02-03,APROBADO,90.05,
154,179,67,2024-02-07,RETIRADO,,2024-03-07
155,181,2,2024-02-12,APROBADO,74.8,
156,183,53,2024-02-05,APROBADO,73.62,
157,186,2,2024-02-07,APROBADO,70.42,
158,187,40,2024-02-04,APROBADO,87.49,
159,190,14,2024-02-06,REPROBADO,28.65,
160,191,66,2024-02-02,APROBADO,70.76,
161,192,24,2024-02-05,REPROBADO,33.35,
162,193,70,2024-02-04,REPROBADO,58.81,
163,196,58,2024-02-10,RETIRADO,,2024-04-11
164,197,52,2024-02-08,APROBADO,96.51,
165,198,22,2024-02-08,APROBADO,81.86,
166,199,76,2024-02-12,RETIRADO,,2024-03-29
167,200,4,2024-02-03,APROBADO,89.23,
168,201,34,2024-02-12,REPROBADO,41.16,
169,202,21,2024-02-10,REPROBADO,31.25,
170,205,30,2024-02-10,APROBADO,75.14,
171,206,40,2024-02-07,REPROBADO,34.28,
172,208,21,2024-02-04,REPROBADO,43.3,
173,210,40,2024-02-12,RETIRADO,,2024-04-15
174,212,59,2024-02-10,APROBADO,79.8,
175,213,47,2024-02-12,APROBADO,79.65,
176,214,58,2024-02-08,APROBADO,87.86,
177,216,31,2024-02-07,APROBADO,94.28,
178,217,56,2024-02-12,APROBADO,98.12,
179,220,13,2024-02-06,APROBADO,90.36,
180,221,68,2024-02-11,APROBADO,76.21,
181,223,2,2024-02-03,REPROBADO,40.12,
182,226,75,2024-02-04,REPROBADO,36.42,
183,229,53,2024-02-03,APROBADO,81.99,
184,231,25,2024-02-11,APROBADO,91.97,
185,235,34,2024-02-04,APROBADO,71.97,
186,236,48,2024-02-02,APROBADO,75.99,
187,240,25,2024-02-04,APROBADO,85.44,
188,241,31,2024-02-12,REPROBADO,48.54,
189,242,66,2024-02-11,APROBADO,71.23,
190,245,28,2024-02-12,APROBADO,85.04,
191,248,4,2024-02-03,APROBADO,75.76,
192,249,80,2024-02-09,REPROBADO,36.7,
193,251,2,2024-02-11,APROBADO,99.9,
194,252,36,2024-02-05,APROBADO,97.42,
195,253,23,2024-02-11,APROBADO,71.64,
196,258,6,2024-02-07,APROBADO,79.81,
197,259,34,2024-02-04,RETIRADO,,2024-04-10
198,260,70,2024-02-03,APROBADO,72.62,
199,261,41,2024-02-09,APROBADO,92.75,
200,262,47,2024-02-05,REPROBADO,61.27,
201,264,31,2024-02-10,REPROBADO,24.57,
202,265,30,2024-02-04,RETIRADO,,2024-03-12
203,266,68,2024-02-08,REPROBADO,26.29,
204,268,59,2024-02-12,APROBADO,80.12,
205,269,7,2024-02-07,APROBADO,82.21,
206,271,78,2024-02-04,APROBADO,73.6,
207,272,51,2024-02-07,APROBADO,94.42,
208,274,20,2024-02-11,APROBADO,88.97,
209,275,11,2024-02-12,RETIRADO,,2024-03-17
210,276,56,2024-02-11,RETIRADO,,2024-03-14
211,277,13,2024-02-07,APROBADO,85.81,
212,278,34,2024-02-02,APROBADO,95.67,
213,279,67,2024-02-11,APROBADO,90.9,
214,280,43,2024-02-08,APROBADO,90.68,
215,281,24,2024-02-04,REPROBADO,69.89,
216,284,56,2024-02-07,REPROBADO,35.86,
217,285,48,2024-02-04,APROBADO,74.92,
218,286,13,2024-02-10,APROBADO,70.45,
219,287,8,2024-02-07,RETIRADO,,2024-04-07
220,288,32,2024-02-11,APROBADO,85.9,
221,290,47,2024-02-03,APROBADO,90.1,
222,291,15,2024-02-11,RETIRADO,,2024-03-17
223,292,77,2024-02-11,REPROBADO,38.49,
224,293,75,2024-02-03,RETIRADO,,2024-04-02
225,294,52,2024-02-11,APROBADO,95.81,
226,296,31,2024-02-06,APROBADO,83.63,
227,298,71,2024-02-04,APROBADO,72.47,
228,299,38,2024-02-05,RETIRADO,,2024-03-24
229,301,48,2024-02-02,REPROBADO,64.97,
230,304,75,2024-02-12,APROBADO,75.32,
231,306,67,2024-02-06,REPROBADO,25.37,
232,308,16,2024-02-02,APROBADO,73.03,
233,309,47,2024-02-08,RETIRADO,,2024-03-03
234,310,27,2024-02-09,REPROBADO,54.65,
235,314,39,2024-02-10,REPROBADO,40.48,
236,315,58,2024-02-10,RETIRADO,,2024-03-28
237,316,25,2024-02-08,REPROBADO,69.53,
238,317,24,2024-02-08,REPROBADO,67.08,
239,318,56,2024-02-10,APROBADO,73.69,
240,319,43,2024-02-12,RETIRADO,,2024-04-18
241,320,14,2024-02-06,APROBADO,93.48,
242,323,4,2024-02-12,APROBADO,77.1,
243,324,11,2024-02-04,APROBADO,90.92,
244,325,11,2024-02-11,REPROBADO,66.89,
245,328,77,2024-02-08,RETIRADO,,2024-03-09
246,329,31,2024-02-10,RETIRADO,,2024-04-12
247,330,65,2024-02-05,APROBADO,87.37,
248,331,2,2024-02-05,APROBADO,93.32,
249,332,74,2024-02-04,RETIRADO,,2024-04-15
250,335,71,2024-02-12,APROBADO,79.92,
251,337,74,2024-02-12,RETIRADO,,2024-04-02
252,338,58,2024-02-02,APROBADO,90.52,
253,339,69,2024-02-11,APROBADO,72.18,
254,340,27,2024-02-10,APROBADO,75.08,
255,341,49,2024-02-02,APROBADO,80.08,
256,343,30,2024-02-03,APROBADO,78.48,
257,344,22,2024-02-12,APROBADO,96.88,
258,346,21,2024-02-11,REPROBADO,30.07,
259,347,65,2024-02-09,APROBADO,77.73,
260,349,61,2024-02-08,APROBADO,88.59,
261,350,2,2024-02-02,REPROBADO,21.72,
262,351,31,2024-02-12,REPROBADO,52.73,
263,354,4,2024-02-06,REPROBADO,63.81,
264,357,80,2024-02-09,APROBADO,74.49,
265,361,53,2024-02-05,RETIRADO,,2024-03-28
266,363,70,2024-02-07,APROBADO,91.88,
267,364,56,2024-02-05,RETIRADO,,2024-02-25
268,365,52,2024-02-06,APROBADO,81.62,
269,367,4,2024-02-03,RETIRADO,,2024-04-02
270,368,75,2024-02-10,REPROBADO,41.05,
271,369,18,2024-02-11,REPROBADO,45.38,
272,370,22,2024-02-06,APROBADO,75.89,
273,371,59,2024-02-07,REPROBADO,32.15,
274,373,47,2024-02-07,APROBADO,87.99,
275,374,4,2024-02-02,RETIRADO,,2024-04-13
276,376,29,2024-02-10,APROBADO,70.47,
277,377,47,2024-02-09,APROBADO,92.05,
278,379,12,2024-02-05,APROBADO,91.79,
279,380,31,2024-02-05,APROBADO,86.83,
280,381,50,2024-02-06,APROBADO,77.68,
281,383,26,2024-02-03,REPROBADO,43.41,
282,384,12,2024-02-07,APROBADO,73.56,
283,385,26,2024-02-02,APROBADO,94.34,
284,386,76,2024-02-07,RETIRADO,,2024-04-12
285,387,52,2024-02-10,APROBADO,72.78,
286,392,69,2024-02-04,APROBADO,91.83,
287,394,70,2024-02-11,REPROBADO,43.42,
288,395,58,2024-02-02,APROBADO,81.53,
289,396,52,2024-02-03,REPROBADO,26.77,
290,398,67,2024-02-08,APROBADO,78.86,
291,399,48,2024-02-05,APROBADO,75.4,
292,402,33,2024-02-06,REPROBADO,41.25,
293,407,78,2024-02-03,REPROBADO,59.63,
294,409,21,2024-02-08,APROBADO,94.89,
295,415,49,2024-02-12,REPROBADO,38.98,
296,416,21,2024-02-04,APROBADO,76.58,
297,420,30,2024-02-08,REPROBADO,41.68,
298,421,50,2024-02-11,APROBADO,70.55,
299,422,38,2024-02-12,APROBADO,87.99,
300,423,69,2024-02-09,APROBADO,80.34,
301,425,23,2024-02-12,APROBADO,72.56,
302,426,65,2024-02-10,RETIRADO,,2024-04-12
303,427,79,2024-02-11,APROBADO,92.52,
304,429,33,2024-02-09,RETIRADO,,2024-03-29
305,430,13,2024-02-11,APROBADO,85.72,
306,431,80,2024-02-08,RETIRADO,,2024-03-09
307,432,54,2024-02-05,RETIRADO,,2024-03-07
308,433,57,2024-02-05,RETIRADO,,2024-03-08
309,434,54,2024-02-09,REPROBADO,42.94,
310,435,67,2024-02-03,APROBADO,77.84,
311,437,47,2024-02-02,APROBADO,82.78,
312,438,65,2024-02-03,APROBADO,79.39,
313,440,79,2024-02-09,REPROBADO,22.93,
314,441,17,2024-02-03,APROBADO,74.12,
315,442,52,2024-02-06,RETIRADO,,2024-02-25
316,443,69,2024-02-06,RETIRADO,,2024-04-20
317,447,39,2024-02-12,RETIRADO,,2024-02-23
318,449,70,2024-02-04,APROBADO,91.11,
319,451,23,2024-02-07,APROBADO,87.2,
320,452,4,2024-02-06,RETIRADO,,2024-03-22
321,453,58,2024-02-04,APROBADO,84.1,
322,454,26,2024-02-09,APROBADO,71.58,
323,456,43,2024-02-04,REPROBADO,26.86,
324,458,20,2024-02-02,APROBADO,78.11,
325,459,49,2024-02-09,REPROBADO,21.9,
326,460,40,2024-02-04,REPROBADO,33.08,
327,461,65,2024-02-06,REPROBADO,57.08,
328,462,75,2024-02-10,REPROBADO,46.3,
329,464,13,2024-02-02,APROBADO,72.65,
330,465,21,2024-02-11,APROBADO,89.43,
331,466,45,2024-02-04,APROBADO,74.61,
332,468,47,2024-02-05,APROBADO,70.87,
333,469,52,2024-02-03,RETIRADO,,2024-04-14
334,470,74,2024-02-10,APROBADO,95.1,
335,471,9,2024-02-07,APROBADO,88.06,
336,473,61,2024-02-12,APROBADO,92.02,
337,474,16,2024-02-10,APROBADO,93.34,
338,475,39,2024-02-08,APROBADO,92.92,
339,476,76,2024-02-03,APROBADO,98.31,
340,477,47,2024-02-10,APROBADO,84.17,
341,478,66,2024-02-09,APROBADO,97.0,
342,479,33,2024-02-04,APROBADO,86.28,
343,480,40,2024-02-06,RETIRADO,,2024-03-16
344,481,61,2024-02-06,APROBADO,74.74,
345,482,14,2024-02-02,APROBADO,88.05,
346,483,20,2024-02-10,APROBADO,89.47,
347,488,30,2024-02-09,APROBADO,87.47,
348,489,75,2024-02-05,REPROBADO,45.11,
349,491,40,2024-02-04,REPROBADO,68.92,
350,494,62,2024-02-08,APROBADO,86.84,
351,497,68,2024-02-09,REPROBADO,43.8,
352,498,40,2024-02-11,APROBADO,70.14,
353,500,79,2024-02-10,REPROBADO,53.25,
354,501,7,2024-02-10,APROBADO,95.92,
355,502,50,2024-02-11,APROBADO,81.28,
356,504,66,2024-02-07,APROBADO,76.36,
357,505,38,2024-02-06,REPROBADO,31.02,
358,506,49,2024-02-10,APROBADO,88.65,
359,507,31,2024-02-05,REPROBADO,31.98,
360,508,57,2024-02-07,RETIRADO,,2024-03-08
361,509,29,2024-02-02,APROBADO,86.74,
362,511,14,2024-02-09,REPROBADO,28.22,
363,512,74,2024-02-08,APROBADO,71.7,
364,514,76,2024-02-03,APROBADO,78.68,
365,516,30,2024-02-09,APROBADO,99.45,
366,517,58,2024-02-05,REPROBADO,65.61,
367,521,20,2024-02-08,APROBADO,93.26,
368,522,70,2024-02-04,REPROBADO,59.28,
369,523,58,2024-02-05,APROBADO,85.29,
370,525,76,2024-02-07,APROBADO,97.04,
371,529,29,2024-02-02,APROBADO,82.44,
372,530,67,2024-02-11,RETIRADO,,2024-04-08
373,531,11,2024-02-07,REPROBADO,51.03,
374,537,31,2024-02-03,RETIRADO,,2024-03-31
375,538,50,2024-02-02,REPROBADO,24.46,
376,539,69,2024-02-06,REPROBADO,39.86,
377,540,11,2024-02-07,REPROBADO,46.11,
378,541,13,2024-02-10,APROBADO,70.64,
379,542,40,2024-02-06,REPROBADO,48.75,
380,544,74,2024-02-03,APROBADO,78.11,
381,547,9,2024-02-03,APROBADO,85.38,
382,549,67,2024-02-08,REPROBADO,23.98,
383,550,31,2024-02-09,APROBADO,90.88,
384,551,38,2024-02-04,RETIRADO,,2024-04-17
385,552,47,2024-02-02,APROBADO,82.97,
386,553,29,2024-02-12,REPROBADO,35.62,
387,554,16,2024-02-05,APROBADO,80.23,
388,555,79,2024-02-11,APROBADO,85.97,
389,557,9,2024-02-10,APROBADO,83.93,
390,558,57,2024-02-09,APROBADO,76.92,
391,559,48,2024-02-10,RETIRADO,,2024-03-24
392,560,25,2024-02-07,APROBADO,73.33,
393,562,74,2024-02-05,APROBADO,96.58,
394,564,20,2024-02-02,APROBADO,80.01,
395,566,47,2024-02-08,REPROBADO,26.64,
396,567,13,2024-02-05,APROBADO,97.29,
397,568,59,2024-02-03,APROBADO,96.11,
398,569,75,2024-02-05,APROBADO,81.53,
399,570,2,2024-02-04,APROBADO,76.14,
400,571,38,2024-02-08,RETIRADO,,2024-04-05
401,572,59,2024-02-03,REPROBADO,38.07,
402,573,69,2024-02-02,REPROBADO,59.08,
403,574,39,2024-02-07,REPROBADO,29.59,
404,575,26,2024-02-05,REPROBADO,35.6,
405,579,30,2024-02-08,APROBADO,80.12,
406,580,8,2024-02-08,APROBADO,78.63,
407,581,48,2024-02-12,APROBADO,74.92,
408,582,7,2024-02-05,APROBADO,72.39,
409,583,67,2024-02-10,APROBADO,72.93,
410,584,75,2024-02-08,APROBADO,77.48,
411,586,65,2024-02-04,REPROBADO,23.85,
412,588,2,2024-02-05,APROBADO,99.14,
413,590,33,2024-02-11,RETIRADO,,2024-03-02
414,591,38,2024-02-04,REPROBADO,40.07,
415,592,2,2024-02-06,APROBADO,81.14,
416,595,4,2024-02-10,APROBADO,81.63,
417,598,42,2024-02-03,APROBADO,86.83,
418,599,21,2024-02-08,REPROBADO,32.15,
419,601,50,2024-02-10,APROBADO,95.04,
420,602,57,2024-02-06,REPROBADO,61.18,
421,603,78,2024-02-09,REPROBADO,41.2,
422,604,11,2024-02-10,APROBADO,76.16,
423,605,30,2024-02-08,APROBADO,70.31,
424,606,20,2024-02-04,APROBADO,72.43,
425,609,38,2024-02-11,APROBADO,97.85,
426,610,5,2024-02-10,RETIRADO,,2024-03-05
427,611,22,2024-02-06,REPROBADO,53.33,
428,613,44,2024-02-11,APROBADO,83.75,
429,614,13,2024-02-04,APROBADO,76.69,
430,615,76,2024-02-10,APROBADO,93.56,
431,616,2,2024-02-03,APROBADO,82.03,
432,619,5,2024-02-03,REPROBADO,58.5,
433,620,38,2024-02-03,APROBADO,81.73,
434,622,7,2024-02-03,REPROBADO,68.99,
435,623,20,2024-02-10,APROBADO,75.1,
436,624,34,2024-02-04,REPROBADO,61.88,
437,626,23,2024-02-03,REPROBADO,35.68,
438,627,30,2024-02-03,APROBADO,73.08,
439,632,48,2024-02-11,APROBADO,70.58,
440,633,65,2024-02-03,APROBADO,92.87,
441,634,58,2024-02-06,REPROBADO,30.94,
442,635,16,2024-02-11,REPROBADO,67.57,
443,638,80,2024-02-10,APROBADO,73.88,
444,639,39,2024-02-04,APROBADO,79.25,
445,640,13,2024-02-08,APROBADO,78.17,
446,641,14,2024-02-11,APROBADO,73.31,
447,643,43,2024-02-05,APROBADO,83.17,
448,644,21,2024-02-05,APROBADO,73.81,
449,649,38,2024-02-10,REPROBADO,59.81,
450,650,58,2024-02-09,APROBADO,73.54,
451,651,22,2024-02-11,REPROBADO,35.17,
452,652,9,2024-02-10,APROBADO,77.62,
453,655,58,2024-02-04,APROBADO,82.28,
454,656,25,2024-02-04,RETIRADO,,2024-04-15
455,657,4,2024-02-05,APROBADO,73.67,
456,658,12,2024-02-06,APROBADO,94.86,
457,659,25,2024-02-04,RETIRADO,,2024-04-14
458,660,49,2024-02-10,REPROBADO,57.86,
459,663,58,2024-02-12,APROBADO,95.07,
460,664,40,2024-02-08,RETIRADO,,2024-04-07
461,666,74,2024-02-09,APROBADO,81.2,
462,667,2,2024-02-10,RETIRADO,,2024-04-06
463,673,12,2024-02-07,REPROBADO,67.57,
464,674,38,2024-02-03,APROBADO,96.17,
465,677,17,2024-02-07,REPROBADO,28.31,
466,678,48,2024-02-10,REPROBADO,68.54,
467,679,29,2024-02-05,APROBADO,72.29,
468,680,5,2024-02-03,REPROBADO,22.71,
469,681,38,2024-02-03,RETIRADO,,2024-03-18
470,682,77,2024-02-05,REPROBADO,61.75,
471,683,31,2024-02-02,APROBADO,79.65,
472,686,3,2024-02-06,APROBADO,96.26,
473,687,48,2024-02-06,REPROBADO,34.01,
474,688,80,2024-02-05,APROBADO,77.77,
475,690,2,2024-02-08,RETIRADO,,2024-04-07
476,691,76,2024-02-07,APROBADO,88.72,
477,693,9,2024-02-08,APROBADO,97.16,
478,695,22,2024-02-11,APROBADO,89.99,
479,698,27,2024-02-08,REPROBADO,33.96,
480,701,22,2024-02-05,REPROBADO,59.88,
481,705,13,2024-02-11,APROBADO,97.06,
482,706,79,2024-02-07,APROBADO,71.28,
483,707,7,2024-02-10,RETIRADO,,2024-03-02
484,708,29,2024-02-06,RETIRADO,,2024-03-23
485,710,50,2024-02-02,REPROBADO,24.46,
486,711,3,2024-02-05,REPROBADO,69.54,
487,712,74,2024-02-04,REPROBADO,40.43,
488,713,65,2024-02-11,APROBADO,92.73,
489,722,49,2024-02-04,APROBADO,80.08,
490,725,74,2024-02-04,APROBADO,71.1,
491,726,58,2024-02-11,RETIRADO,,2024-03-12
492,727,54,2024-02-03,APROBADO,80.86,
493,728,8,2024-02-12,REPROBADO,21.33,
494,729,22,2024-02-09,RETIRADO,,2024-04-11
495,732,77,2024-02-04,REPROBADO,30.63,
496,733,22,2024-02-09,APROBADO,78.45,
497,737,57,2024-02-09,APROBADO,74.27,
498,739,23,2024-02-08,APROBADO,82.76,
499,740,4,2024-02-08,APROBADO,95.1,
500,742,7,2024-02-06,REPROBADO,22.88,
501,744,77,2024-02-06,APROBADO,88.55,
502,746,74,2024-02-11,APROBADO,80.59,
503,749,61,2024-02-09,APROBADO,98.98,
504,752,31,2024-02-04,APROBADO,92.23,
505,754,32,2024-02-11,REPROBADO,28.28,
506,755,12,2024-02-08,APROBADO,89.51,
507,758,70,2024-02-05,APROBADO,80.46,
508,759,75,2024-02-08,APROBADO,90.21,
509,765,75,2024-02-11,REPROBADO,54.27,
510,767,65,2024-02-09,RETIRADO,,2024-04-06
511,768,40,2024-02-06,RETIRADO,,2024-03-24
512,770,40,2024-02-06,REPROBADO,49.18,
513,772,5,2024-02-04,APROBADO,76.41,
514,775,16,2024-02-09,REPROBADO,55.78,
515,776,45,2024-02-12,APROBADO,92.19,
516,778,21,2024-02-04,RETIRADO,,2024-04-04
517,780,2,2024-02-06,APROBADO,71.5,
518,783,14,2024-02-12,APROBADO,87.54,
519,787,22,2024-02-07,APROBADO,79.32,
520,794,32,2024-02-10,APROBADO,95.29,
521,796,23,2024-02-11,APROBADO,78.1,
522,797,36,2024-02-02,APROBADO,93.29,
523,798,40,2024-02-12,RETIRADO,,2024-04-02
524,804,65,2024-02-05,APROBADO,92.78,
525,807,60,2024-02-02,APROBADO,99.17,
526,808,38,2024-02-08,APROBADO,71.05,
527,813,76,2024-02-09,REPROBADO,54.31,
528,814,53,2024-02-11,APROBADO,72.39,
529,815,29,2024-02-08,RETIRADO,,2024-04-12
530,818,52,2024-02-08,APROBADO,88.67,
531,820,59,2024-02-04,APROBADO,74.29,
532,821,9,2024-02-09,APROBADO,95.01,
533,828,76,2024-02-11,REPROBADO,68.96,
534,830,76,2024-02-03,APROBADO,75.43,
535,831,57,2024-02-03,APROBADO,86.3,
536,832,40,2024-02-07,APROBADO,70.08,
537,833,2,2024-02-04,REPROBADO,63.46,
538,834,14,2024-02-02,REPROBADO,53.81,
539,836,68,2024-02-05,APROBADO,74.39,
540,838,75,2024-02-04,APROBADO,88.05,
541,839,31,2024-02-03,APROBADO,99.58,
542,841,70,2024-02-11,REPROBADO,68.17,
543,844,44,2024-02-02,APROBADO,99.23,
544,846,47,2024-02-09,REPROBADO,50.1,
545,847,13,2024-02-03,REPROBADO,41.92,
546,848,70,2024-02-09,RETIRADO,,2024-04-07
547,849,24,2024-02-03,APROBADO,94.97,
548,854,69,2024-02-04,APROBADO,98.93,
549,855,3,2024-02-11,APROBADO,91.92,
550,856,26,2024-02-11,REPROBADO,63.03,
551,861,31,2024-02-07,APROBADO,73.28,
552,864,62,2024-02-11,REPROBADO,40.74,
553,867,59,2024-02-08,REPROBADO,53.66,
554,869,13,2024-02-12,RETIRADO,,2024-02-26
555,870,25,2024-02-04,RETIRADO,,2024-02-21
556,871,38,2024-02-07,APROBADO,72.28,
557,872,58,2024-02-12,RETIRADO,,2024-04-15
558,875,13,2024-02-07,RETIRADO,,2024-03-19
559,876,31,2024-02-04,APROBADO,74.29,
560,878,31,2024-02-11,APROBADO,86.73,
561,879,5,2024-02-11,APROBADO,87.8,
562,886,66,2024-02-06,REPROBADO,55.83,
563,890,34,2024-02-09,APROBADO,88.54,
564,892,59,2024-02-10,APROBADO,91.8,
565,893,65,2024-02-07,REPROBADO,62.62,
566,895,58,2024-02-10,APROBADO,84.84,
567,898,60,2024-02-08,APROBADO,98.59,
568,899,47,2024-02-11,APROBADO,89.8,
569,906,47,2024-02-07,APROBADO,87.14,
570,910,5,2024-02-03,REPROBADO,67.61,
571,919,20,2024-02-05,APROBADO,91.32,
572,920,49,2024-02-04,APROBADO,75.35,
573,925,23,2024-02-09,APROBADO,88.63,
574,928,70,2024-02-03,APROBADO,88.24,
575,929,60,2024-02-11,APROBADO,72.65,
576,930,51,2024-02-02,APROBADO,77.72,
577,931,75,2024-02-04,APROBADO,77.6,
578,933,40,2024-02-02,APROBADO,98.55,
579,937,8,2024-02-08,RETIRADO,,2024-03-09
580,940,39,2024-02-05,APROBADO,70.18,
581,941,59,2024-02-08,APROBADO,70.23,
582,944,78,2024-02-03,RETIRADO,,2024-03-29
583,946,12,2024-02-07,APROBADO,97.3,
584,947,58,2024-02-07,APROBADO,70.1,
585,950,41,2024-02-06,APROBADO,92.75,
586,952,49,2024-02-09,REPROBADO,46.46,
587,953,80,2024-02-02,APROBADO,77.55,
588,954,34,2024-02-06,REPROBADO,51.66,
589,957,14,2024-02-11,REPROBADO,50.84,
590,961,115,2024-07-10,APROBADO,76.64,
591,962,91,2024-07-07,APROBADO,98.79,
592,963,158,2024-07-03,APROBADO,88.57,
593,964,120,2024-07-06,APROBADO,71.49,
594,965,97,2024-07-02,APROBADO,75.03,
595,966,149,2024-07-03,APROBADO,90.8,
596,967,82,2024-07-12,APROBADO,83.64,
597,968,131,2024-07-12,RETIRADO,,2024-08-28
598,969,129,2024-07-11,APROBADO,84.41,
599,971,155,2024-07-04,REPROBADO,69.9,
600,972,118,2024-07-06,APROBADO,87.54,
601,973,127,2024-07-06,APROBADO,71.01,
602,974,91,2024-07-12,REPROBADO,64.55,
603,976,100,2024-07-06,APROBADO,72.54,
604,977,142,2024-07-11,APROBADO,71.18,
605,978,124,2024-07-10,REPROBADO,52.15,
606,980,109,2024-07-12,APROBADO,91.7,
607,981,134,2024-07-05,APROBADO,99.39,
608,982,92,2024-07-11,APROBADO,77.54,
609,983,118,2024-07-11,APROBADO,76.81,
610,984,103,2024-07-11,RETIRADO,,2024-07-30
611,985,126,2024-07-07,RETIRADO,,2024-09-09
612,986,137,2024-07-05,REPROBADO,49.5,
613,987,103,2024-07-07,REPROBADO,54.3,
614,988,157,2024-07-09,APROBADO,72.64,
615,989,105,2024-07-06,APROBADO,86.95,
616,990,91,2024-07-11,REPROBADO,51.77,
617,992,155,2024-07-06,APROBADO,95.83,
618,993,119,2024-07-05,APROBADO,94.25,
619,994,112,2024-07-02,REPROBADO,69.53,
620,995,145,2024-07-02,APROBADO,79.33,
621,996,127,2024-07-08,APROBADO,78.97,
622,997,161,2024-07-09,APROBADO,97.32,
623,998,145,2024-07-04,APROBADO,95.81,
624,999,142,2024-07-05,APROBADO,77.82,
625,1000,100,2024-07-03,APROBADO,80.52,
626,1002,151,2024-07-04,APROBADO,92.96,
627,1003,113,2024-07-08,APROBADO,98.87,
628,1004,137,2024-07-12,APROBADO,93.39,
629,1006,83,2024-07-10,REPROBADO,42.57,
630,1007,127,2024-07-05,APROBADO,77.92,
631,1008,160,2024-07-06,APROBADO,92.63,
632,1009,146,2024-07-10,APROBADO,74.79,
633,1010,118,2024-07-03,APROBADO,76.21,
634,1011,103,2024-07-04,RETIRADO,,2024-08-01
635,1012,109,2024-07-06,APROBADO,71.8,
636,1013,103,2024-07-07,APROBADO,86.14,
637,1014,85,2024-07-04,APROBADO,97.78,
638,1015,145,2024-07-02,APROBADO,75.59,
639,1016,143,2024-07-09,APROBADO,89.65,
640,1017,91,2024-07-02,RETIRADO,,2024-09-15
641,1018,101,2024-07-10,APROBADO,79.74,
642,1019,109,2024-07-04,REPROBADO,60.57,
643,1020,82,2024-07-02,REPROBADO,32.87,
644,1021,105,2024-07-03,APROBADO,93.8,
645,1022,83,2024-07-08,APROBADO,92.58,
646,1023,94,2024-07-12,APROBADO,78.85,
647,1026,154,2024-07-06,APROBADO,74.33,
648,1027,149,2024-07-02,APROBADO,72.56,
649,1028,100,2024-07-12,REPROBADO,27.43,
650,1029,158,2024-07-04,REPROBADO,39.2,
651,1030,122,2024-07-12,APROBADO,72.33,
652,1031,101,2024-07-06,APROBADO,99.99,
653,1032,130,2024-07-11,RETIRADO,,2024-08-31
654,1033,82,2024-07-03,REPROBADO,52.2,
655,1034,121,2024-07-11,REPROBADO,58.58,
656,1036,128,2024-07-04,REPROBADO,54.94,
657,1037,118,2024-07-05,APROBADO,75.17,
658,1038,113,2024-07-06,RETIRADO,,2024-09-06
659,1039,101,2024-07-02,APROBADO,93.41,
660,1040,157,2024-07-05,APROBADO,93.19,
661,1041,82,2024-07-03,APROBADO,74.46,
662,1042,128,2024-07-09,RETIRADO,,2024-08-21
663,1043,110,2024-07-10,RETIRADO,,2024-09-18
664,1044,101,2024-07-05,APROBADO,99.37,
665,1045,100,2024-07-11,REPROBADO,57.78,
666,1046,127,2024-07-04,REPROBADO,43.04,
667,1047,144,2024-07-04,APROBADO,81.76,
668,1048,121,2024-07-07,APROBADO,88.94,
669,1050,149,2024-07-06,REPROBADO,21.85,
670,1051,142,2024-07-05,APROBADO,85.64,
671,1054,103,2024-07-11,RETIRADO,,2024-08-28
672,1055,120,2024-07-06,APROBADO,73.95,
673,1056,145,2024-07-08,APROBADO,94.01,
674,1057,110,2024-07-10,APROBADO,77.78,
675,1058,100,2024-07-05,APROBADO,70.4,
676,1059,153,2024-07-10,APROBADO,88.27,
677,1060,91,2024-07-02,APROBADO,88.43,
678,1061,161,2024-07-11,APROBADO,80.88,
679,1062,111,2024-07-12,RETIRADO,,2024-09-14
680,1063,136,2024-07-07,RETIRADO,,2024-08-30
681,1066,138,2024-07-10,REPROBADO,60.02,
682,1067,155,2024-07-05,APROBADO,73.66,
683,1068,128,2024-07-12,REPROBADO,32.35,
684,1069,94,2024-07-03,APROBADO,95.54,
685,1070,128,2024-07-07,APROBADO,95.81,
686,1071,148,2024-07-02,REPROBADO,35.44,
687,1072,122,2024-07-11,APROBADO,94.49,
688,1073,155,2024-07-02,REPROBADO,49.94,
689,1075,148,2024-07-11,APROBADO,85.24,
690,1077,129,2024-07-12,REPROBADO,37.46,
691,1078,139,2024-07-02,REPROBADO,65.35,
692,1079,154,2024-07-11,APROBADO,84.94,
693,1080,119,2024-07-04,REPROBADO,32.52,
694,1081,106,2024-07-08,APROBADO,90.37,
695,1082,92,2024-07-12,APROBADO,80.88,
696,1083,128,2024-07-04,APROBADO,91.06,
697,1084,145,2024-07-04,APROBADO,78.52,
698,1085,112,2024-07-06,APROBADO,93.71,
699,1086,85,2024-07-02,APROBADO,73.95,
700,1087,154,2024-07-12,RETIRADO,,2024-09-06
701,1090,82,2024-07-05,APROBADO,96.5,
702,1092,155,2024-07-11,REPROBADO,29.32,
703,1093,88,2024-07-10,RETIRADO,,2024-08-31
704,1095,118,2024-07-02,APROBADO,83.38,
705,1096,127,2024-07-06,RETIRADO,,2024-09-11
706,1097,98,2024-07-03,REPROBADO,65.33,
707,1098,101,2024-07-06,REPROBADO,67.34,
708,1099,120,2024-07-05,APROBADO,70.01,
709,1100,110,2024-07-06,APROBADO,72.76,
710,1101,134,2024-07-10,APROBADO,96.55,
711,1102,157,2024-07-12,REPROBADO,67.94,
712,1103,121,2024-07-11,APROBADO,84.56,
713,1104,111,2024-07-04,REPROBADO,31.6,
714,1105,109,2024-07-06,APROBADO,84.77,
715,1106,85,2024-07-04,APROBADO,86.66,
716,1107,106,2024-07-08,APROBADO,97.88,
717,1108,161,2024-07-07,RETIRADO,,2024-09-02
718,1111,116,2024-07-04,APROBADO,96.0,
719,1112,155,2024-07-10,APROBADO,93.68,
720,1113,121,2024-07-04,RETIRADO,,2024-09-10
721,1114,138,2024-07-06,REPROBADO,28.37,
722,1115,133,2024-07-02,APROBADO,80.36,
723,1116,109,2024-07-12,REPROBADO,31.1,
724,1117,97,2024-07-10,APROBADO,76.35,
725,1120,86,2024-07-02,APROBADO,89.55,
726,1121,114,2024-07-08,APROBADO,95.87,
727,1122,130,2024-07-10,REPROBADO,67.94,
728,1124,102,2024-07-02,APROBADO,77.46,
729,1125,104,2024-07-06,RETIRADO,,2024-07-25
730,1127,146,2024-07-06,APROBADO,85.18,
731,1129,102,2024-07-12,APROBADO,79.28,
732,1131,160,2024-07-02,RETIRADO,,2024-07-28
733,1135,137,2024-07-09,APROBADO,87.91,
734,1137,111,2024-07-07,APROBADO,77.63,
735,1138,146,2024-07-12,APROBADO,93.14,
736,1139,157,2024-07-07,APROBADO,96.1,
737,1141,137,2024-07-04,APROBADO,78.09,
738,1142,95,2024-07-10,REPROBADO,63.92,
739,1145,89,2024-07-08,APROBADO,73.5,
740,1147,124,2024-07-02,APROBADO,85.74,
741,1149,121,2024-07-05,APROBADO,73.87,
742,1151,142,2024-07-07,RETIRADO,,2024-08-31
743,1152,115,2024-07-06,APROBADO,86.48,
744,1153,134,2024-07-08,RETIRADO,,2024-09-10
745,1155,160,2024-07-05,APROBADO,75.21,
746,1156,102,2024-07-07,APROBADO,95.3,
747,1157,140,2024-07-06,APROBADO,75.62,
748,1158,154,2024-07-05,APROBADO,98.3,
749,1159,86,2024-07-12,APROBADO,79.85,
750,1160,95,2024-07-05,RETIRADO,,2024-09-13
751,1161,102,2024-07-08,RETIRADO,,2024-09-10
752,1162,88,2024-07-03,APROBADO,83.89,
753,1163,134,2024-07-10,APROBADO,82.21,
754,1164,123,2024-07-10,APROBADO,88.34,
755,1165,116,2024-07-12,APROBADO,89.45,
756,1166,128,2024-07-11,APROBADO,98.88,
757,1167,126,2024-07-12,APROBADO,90.96,
758,1168,89,2024-07-05,APROBADO,73.63,
759,1169,151,2024-07-12,APROBADO,70.45,
760,1171,158,2024-07-03,REPROBADO,20.95,
761,1173,161,2024-07-11,APROBADO,96.19,
762,1176,123,2024-07-11,RETIRADO,,2024-08-28
763,1178,136,2024-07-08,APROBADO,93.6,
764,1179,154,2024-07-05,APROBADO,96.27,
765,1183,94,2024-07-02,REPROBADO,69.53,
766,1185,132,2024-07-05,APROBADO,79.55,
767,1187,139,2024-07-11,REPROBADO,47.46,
768,1188,148,2024-07-04,APROBADO,88.04,
769,1189,157,2024-07-06,RETIRADO,,2024-09-08
770,1190,95,2024-07-12,APROBADO,90.89,
771,1191,136,2024-07-12,APROBADO,73.18,
772,1193,155,2024-07-03,APROBADO,95.7,
773,1194,129,2024-07-03,APROBADO,95.13,
774,1195,103,2024-07-10,APROBADO,79.45,
775,1197,160,2024-07-06,REPROBADO,23.44,
776,1198,146,2024-07-10,REPROBADO,61.84,
777,1199,128,2024-07-04,APROBADO,94.72,
778,1200,89,2024-07-07,REPROBADO,63.66,
779,1202,95,2024-07-05,APROBADO,93.57,
780,1203,112,2024-07-05,APROBADO,89.15,
781,1204,136,2024-07-09,APROBADO,97.09,
782,1205,85,2024-07-04,REPROBADO,44.31,
783,1206,137,2024-07-12,REPROBADO,48.72,
784,1208,156,2024-07-09,APROBADO,76.98,
785,1209,101,2024-07-04,APROBADO,82.41,
786,1211,136,2024-07-09,APROBADO,79.07,
787,1212,132,2024-07-02,REPROBADO,39.84,
788,1213,138,2024-07-11,APROBADO,90.55,
789,1215,152,2024-07-04,REPROBADO,67.29,
790,1216,103,2024-07-05,APROBADO,81.99,
791,1217,142,2024-07-10,APROBADO,75.51,
792,1218,152,2024-07-03,APROBADO,73.72,
793,1219,110,2024-07-11,APROBADO,87.92,
794,1221,119,2024-07-08,APROBADO,78.29,
795,1222,128,2024-07-10,APROBADO,83.6,
796,1224,153,2024-07-09,APROBADO,73.45,
797,1225,113,2024-07-04,APROBADO,90.84,
798,1229,129,2024-07-12,APROBADO,93.37,
799,1230,103,2024-07-04,APROBADO,82.24,
800,1231,121,2024-07-06,APROBADO,72.45,
801,1233,92,2024-07-08,APROBADO,74.18,
802,1234,160,2024-07-07,RETIRADO,,2024-08-31
803,1236,122,2024-07-09,APROBADO,85.41,
804,1239,112,2024-07-06,APROBADO,95.88,
805,1240,132,2024-07-10,RETIRADO,,2024-09-09
806,1241,144,2024-07-02,APROBADO,99.79,
807,1242,89,2024-07-10,APROBADO,96.5,
808,1243,146,2024-07-07,APROBADO,98.78,
809,1244,122,2024-07-06,REPROBADO,44.38,
810,1247,125,2024-07-07,APROBADO,87.83,
811,1249,146,2024-07-08,RETIRADO,,2024-08-24
812,1250,137,2024-07-08,APROBADO,80.53,
813,1251,134,2024-07-04,RETIRADO,,2024-07-20
814,1252,125,2024-07-10,REPROBADO,39.87,
815,1253,114,2024-07-06,APROBADO,84.27,
816,1255,152,2024-07-02,APROBADO,89.98,
817,1256,125,2024-07-04,REPROBADO,28.47,
818,1257,150,2024-07-11,APROBADO,84.79,
819,1259,161,2024-07-05,APROBADO,93.16,
820,1260,133,2024-07-05,APROBADO,76.98,
821,1261,158,2024-07-07,REPROBADO,67.39,
822,1262,111,2024-07-04,APROBADO,88.77,
823,1263,120,2024-07-07,REPROBADO,46.67,
824,1264,151,2024-07-12,REPROBADO,21.24,
825,1266,92,2024-07-04,RETIRADO,,2024-09-11
826,1269,128,2024-07-08,APROBADO,89.02,
827,1270,124,2024-07-04,RETIRADO,,2024-09-11
828,1271,111,2024-07-04,APROBADO,83.48,
829,1272,90,2024-07-07,APROBADO,93.42,
830,1273,132,2024-07-04,RETIRADO,,2024-08-10
831,1275,96,2024-07-07,REPROBADO,54.03,
832,1279,146,2024-07-09,APROBADO,97.67,
833,1280,120,2024-07-04,APROBADO,82.75,
834,1281,103,2024-07-02,APROBADO,81.72,
835,1282,113,2024-07-06,APROBADO,76.96,
836,1285,111,2024-07-08,APROBADO,85.57,
837,1286,101,2024-07-08,APROBADO,76.8,
838,1287,120,2024-07-08,APROBADO,96.38,
839,1288,132,2024-07-04,APROBADO,94.95,
840,1289,146,2024-07-10,APROBADO,87.26,
841,1290,86,2024-07-03,RETIRADO,,2024-08-25
842,1292,157,2024-07-02,APROBADO,93.51,
843,1296,128,2024-07-08,RETIRADO,,2024-08-28
844,1298,146,2024-07-03,APROBADO,91.46,
845,1299,144,2024-07-06,RETIRADO,,2024-08-13
846,1302,137,2024-07-07,APROBADO,88.91,
847,1304,119,2024-07-02,APROBADO,76.18,
848,1305,121,2024-07-04,APROBADO,83.46,
849,1308,151,2024-07-10,APROBADO,70.86,
850,1309,152,2024-07-03,REPROBADO,57.09,
851,1310,89,2024-07-06,RETIRADO,,2024-07-28
852,1311,142,2024-07-09,APROBADO,85.01,
853,1313,123,2024-07-10,REPROBADO,59.72,
854,1315,86,2024-07-04,APROBADO,93.04,
855,1316,140,2024-07-11,APROBADO,70.67,
856,1317,153,2024-07-10,APROBADO,89.86,
857,1318,139,2024-07-06,REPROBADO,26.99,
858,1320,97,2024-07-07,APROBADO,97.04,
859,1323,112,2024-07-10,APROBADO,84.84,
860,1325,92,2024-07-03,REPROBADO,63.07,
861,1328,88,2024-07-07,APROBADO,70.86,
862,1329,146,2024-07-12,REPROBADO,30.93,
863,1331,96,2024-07-07,APROBADO,82.02,
864,1334,157,2024-07-03,APROBADO,98.27,
865,1335,97,2024-07-10,APROBADO,78.46,
866,1336,88,2024-07-04,APROBADO,73.84,
867,1339,141,2024-07-04,REPROBADO,28.25,
868,1341,94,2024-07-12,APROBADO,95.61,
869,1342,114,2024-07-08,APROBADO,81.39,
870,1343,133,2024-07-07,APROBADO,92.19,
871,1345,111,2024-07-07,REPROBADO,55.39,
872,1347,105,2024-07-08,APROBADO,76.94,
873,1348,160,2024-07-08,APROBADO,99.83,
874,1350,102,2024-07-09,REPROBADO,40.97,
875,1354,119,2024-07-11,APROBADO,71.44,
876,1355,115,2024-07-12,APROBADO,99.75,
877,1358,148,2024-07-07,REPROBADO,46.09,
878,1359,108,2024-07-07,APROBADO,73.72,
879,1362,101,2024-07-12,APROBADO,72.51,
880,1363,83,2024-07-07,APROBADO,85.75,
881,1364,132,2024-07-03,REPROBADO,41.47,
882,1366,128,2024-07-08,APROBADO,71.68,
883,1367,107,2024-07-11,APROBADO,80.28,
884,1368,146,2024-07-11,REPROBADO,56.69,
885,1369,119,2024-07-12,REPROBADO,25.29,
886,1370,115,2024-07-09,REPROBADO,67.62,
887,1372,133,2024-07-07,REPROBADO,45.45,
888,1376,120,2024-07-08,REPROBADO,52.98,
889,1378,104,2024-07-08,REPROBADO,23.05,
890,1379,128,2024-07-08,APROBADO,79.43,
891,1385,94,2024-07-04,REPROBADO,40.62,
892,1386,110,2024-07-02,APROBADO,85.47,
893,1388,128,2024-07-07,APROBADO,89.04,
894,1391,120,2024-07-03,APROBADO,70.05,
895,1392,103,2024-07-04,APROBADO,84.52,
896,1393,146,2024-07-06,APROBADO,94.86,
897,1394,119,2024-07-08,APROBADO,73.18,
898,1395,94,2024-07-11,RETIRADO,,2024-08-27
899,1396,159,2024-07-03,APROBADO,86.08,
900,1397,146,2024-07-06,APROBADO,85.8,
901,1398,122,2024-07-02,APROBADO,85.94,
902,1399,155,2024-07-03,RETIRADO,,2024-08-01
903,1400,130,2024-07-04,APROBADO,80.73,
904,1401,146,2024-07-12,APROBADO,97.17,
905,1402,88,2024-07-08,REPROBADO,56.65,
906,1404,112,2024-07-05,APROBADO,91.46,
907,1406,98,2024-07-07,APROBADO,85.13,
908,1407,157,2024-07-04,APROBADO,95.21,
909,1409,112,2024-07-06,APROBADO,95.95,
910,1410,158,2024-07-11,APROBADO,85.97,
911,1411,128,2024-07-04,APROBADO,96.76,
912,1413,121,2024-07-02,APROBADO,95.91,
913,1414,128,2024-07-06,RETIRADO,,2024-08-31
914,1415,155,2024-07-05,APROBADO,95.45,
915,1416,116,2024-07-09,REPROBADO,56.01,
916,1417,148,2024-07-04,APROBADO,88.98,
917,1418,124,2024-07-03,APROBADO,97.84,
918,1419,94,2024-07-11,RETIRADO,,2024-08-08
919,1422,148,2024-07-12,REPROBADO,66.05,
920,1423,87,2024-07-12,APROBADO,92.42,
921,1425,85,2024-07-12,REPROBADO,50.36,
922,1429,115,2024-07-07,APROBADO,89.7,
923,1430,106,2024-07-09,RETIRADO,,2024-08-01
924,1431,94,2024-07-06,REPROBADO,30.55,
925,1435,83,2024-07-04,APROBADO,86.8,
926,1438,128,2024-07-09,APROBADO,92.28,
927,1439,140,2024-07-03,APROBADO,84.43,
928,1440,95,2024-07-02,APROBADO,80.17,
929,1442,119,2024-07-05,APROBADO,98.86,
930,1443,142,2024-07-11,REPROBADO,34.15,
931,1444,151,2024-07-06,REPROBADO,57.38,
932,1447,141,2024-07-05,APROBADO,73.45,
933,1448,83,2024-07-05,REPROBADO,26.83,
934,1451,125,2024-07-11,APROBADO,91.04,
935,1453,138,2024-07-02,APROBADO,90.86,
936,1456,119,2024-07-09,APROBADO,83.17,
937,1457,97,2024-07-06,APROBADO,97.31,
938,1459,102,2024-07-07,APROBADO,97.55,
939,1461,95,2024-07-02,REPROBADO,65.54,
940,1466,102,2024-07-03,APROBADO,73.86,
941,1467,92,2024-07-02,APROBADO,72.47,
942,1470,106,2024-07-03,APROBADO,76.85,
943,1473,147,2024-07-05,APROBADO,71.57,
944,1475,87,2024-07-04,REPROBADO,51.05,
945,1476,156,2024-07-07,REPROBADO,57.19,
946,1477,142,2024-07-10,APROBADO,96.33,
947,1478,83,2024-07-05,REPROBADO,32.18,
948,1480,124,2024-07-04,APROBADO,80.42,
949,1481,113,2024-07-10,APROBADO,91.24,
950,1482,131,2024-07-06,APROBADO,94.92,
951,1483,137,2024-07-05,REPROBADO,47.01,
952,1484,152,2024-07-06,REPROBADO,27.59,
953,1486,153,2024-07-06,RETIRADO,,2024-07-28
954,1487,156,2024-07-06,APROBADO,91.43,
955,1495,116,2024-07-12,REPROBADO,63.88,
956,1496,133,2024-07-11,APROBADO,74.79,
957,1497,101,2024-07-05,RETIRADO,,2024-08-25
958,1498,149,2024-07-12,APROBADO,89.0,
959,1501,146,2024-07-06,APROBADO,93.92,
960,1503,84,2024-07-11,APROBADO,83.31,
961,1504,160,2024-07-05,APROBADO,79.7,
962,1505,139,2024-07-07,RETIRADO,,2024-09-04
963,1510,85,2024-07-08,RETIRADO,,2024-08-18
964,1513,110,2024-07-05,REPROBADO,47.22,
965,1514,124,2024-07-07,APROBADO,96.28,
966,1515,85,2024-07-04,APROBADO,79.31,
967,1516,146,2024-07-10,REPROBADO,20.1,
968,1518,129,2024-07-12,REPROBADO,64.9,
969,1521,128,2024-07-06,APROBADO,88.32,
970,1522,148,2024-07-07,APROBADO,88.62,
971,1524,155,2024-07-08,APROBADO,84.74,
972,1526,113,2024-07-09,APROBADO,88.89,
973,1527,120,2024-07-09,APROBADO,70.56,
974,1528,152,2024-07-02,APROBADO,97.15,
975,1531,84,2024-07-05,RETIRADO,,2024-09-01
976,1533,138,2024-07-03,APROBADO,93.45,
977,1534,122,2024-07-03,APROBADO,96.03,
978,1536,156,2024-07-10,REPROBADO,61.27,
979,1537,115,2024-07-09,APROBADO,83.4,
980,1539,92,2024-07-09,APROBADO,93.98,
981,1540,155,2024-07-09,APROBADO,92.66,
982,1541,85,2024-07-12,REPROBADO,58.92,
983,1543,119,2024-07-06,APROBADO,79.34,
984,1544,101,2024-07-12,APROBADO,70.43,
985,1549,96,2024-07-10,APROBADO,88.51,
986,1550,111,2024-07-08,REPROBADO,38.37,
987,1551,138,2024-07-04,APROBADO,85.12,
988,1553,112,2024-07-06,APROBADO,91.84,
989,1555,123,2024-07-11,APROBADO,97.84,
990,1556,146,2024-07-04,APROBADO,77.23,
991,1557,112,2024-07-02,APROBADO,90.3,
992,1559,146,2024-07-07,APROBADO,99.08,
993,1561,97,2024-07-11,APROBADO,92.66,
994,1562,90,2024-07-08,APROBADO,92.11,
995,1563,110,2024-07-09,REPROBADO,47.88,
996,1564,131,2024-07-07,RETIRADO,,2024-08-10
997,1565,106,2024-07-07,APROBADO,96.78,
998,1567,86,2024-07-07,APROBADO,76.92,
999,1568,111,2024-07-05,APROBADO,81.38,
1000,1569,83,2024-07-03,APROBADO,77.92,
1001,1570,148,2024-07-05,APROBADO,84.82,
1002,1572,125,2024-07-08,REPROBADO,69.89,
1003,1573,95,2024-07-06,APROBADO,87.11,
1004,1574,85,2024-07-05,APROBADO,76.97,
1005,1578,83,2024-07-10,REPROBADO,57.74,
1006,1582,133,2024-07-07,RETIRADO,,2024-08-06
1007,1584,160,2024-07-04,REPROBADO,66.73,
1008,1585,128,2024-07-12,APROBADO,71.25,
1009,1587,156,2024-07-11,REPROBADO,21.54,
1010,1588,121,2024-07-11,APROBADO,90.51,
1011,1589,137,2024-07-10,RETIRADO,,2024-08-19
1012,1591,113,2024-07-06,REPROBADO,66.85,
1013,1592,131,2024-07-08,REPROBADO,31.69,
1014,1594,129,2024-07-02,APROBADO,75.6,
1015,1595,85,2024-07-12,APROBADO,86.36,
1016,1597,95,2024-07-04,APROBADO,89.58,
1017,1598,87,2024-07-09,APROBADO,94.07,
1018,1599,106,2024-07-05,APROBADO,81.2,
1019,1600,133,2024-07-07,APROBADO,88.35,
1020,1606,155,2024-07-06,APROBADO,81.9,
1021,1607,121,2024-07-09,RETIRADO,,2024-09-07
1022,1608,140,2024-07-11,APROBADO,96.48,
1023,1609,151,2024-07-02,REPROBADO,64.66,
1024,1611,95,2024-07-03,RETIRADO,,2024-08-22
1025,1613,95,2024-07-11,APROBADO,84.83,
1026,1616,139,2024-07-02,APROBADO,81.44,
1027,1620,114,2024-07-11,RETIRADO,,2024-08-21
1028,1622,111,2024-07-07,APROBADO,93.8,
1029,1623,155,2024-07-03,APROBADO,81.59,
1030,1627,139,2024-07-05,APROBADO,84.5,
1031,1628,86,2024-07-04,REPROBADO,25.16,
1032,1630,113,2024-07-12,RETIRADO,,2024-07-26
1033,1632,159,2024-07-11,APROBADO,91.25,
1034,1633,155,2024-07-07,APROBADO,91.55,
1035,1637,84,2024-07-08,APROBADO,70.35,
1036,1640,102,2024-07-03,APROBADO,96.05,
1037,1643,83,2024-07-07,REPROBADO,65.55,
1038,1644,153,2024-07-09,REPROBADO,27.94,
1039,1645,114,2024-07-03,APROBADO,71.37,
1040,1648,152,2024-07-12,REPROBADO,21.91,
1041,1655,148,2024-07-04,APROBADO,82.73,
1042,1658,99,2024-07-07,APROBADO,86.18,
1043,1659,111,2024-07-04,REPROBADO,64.06,
1044,1662,115,2024-07-05,APROBADO,98.09,
1045,1665,105,2024-07-10,REPROBADO,22.07,
1046,1666,112,2024-07-08,REPROBADO,53.92,
1047,1668,123,2024-07-04,RETIRADO,,2024-07-30
1048,1670,144,2024-07-02,REPROBADO,44.57,
1049,1671,110,2024-07-09,APROBADO,76.27,
1050,1672,97,2024-07-11,APROBADO,81.78,
1051,1675,125,2024-07-06,APROBADO,83.03,
1052,1679,117,2024-07-02,REPROBADO,56.25,
1053,1681,140,2024-07-04,APROBADO,92.64,
1054,1682,125,2024-07-04,APROBADO,85.92,
1055,1687,133,2024-07-10,APROBADO,76.73,
1056,1688,93,2024-07-03,RETIRADO,,2024-09-14
1057,1689,104,2024-07-03,REPROBADO,48.54,
1058,1690,110,2024-07-05,REPROBADO,42.46,
1059,1693,110,2024-07-12,APROBADO,74.66,
1060,1694,161,2024-07-05,RETIRADO,,2024-08-24
1061,1695,104,2024-07-09,APROBADO,83.35,
1062,1697,113,2024-07-12,APROBADO,92.51,
1063,1699,137,2024-07-05,RETIRADO,,2024-09-03
1064,1700,98,2024-07-08,APROBADO,79.59,
1065,1702,133,2024-07-02,APROBADO,94.52,
1066,1703,106,2024-07-06,APROBADO,71.37,
1067,1706,158,2024-07-02,APROBADO,88.65,
1068,1708,130,2024-07-06,APROBADO,70.83,
1069,1709,98,2024-07-02,RETIRADO,,2024-09-10
1070,1710,126,2024-07-12,REPROBADO,39.79,
1071,1711,111,2024-07-08,APROBADO,92.41,
1072,1712,158,2024-07-12,APROBADO,96.2,
1073,1713,142,2024-07-12,APROBADO,71.81,
1074,1714,133,2024-07-10,APROBADO,84.47,
1075,1718,97,2024-07-12,APROBADO,98.39,
1076,1720,137,2024-07-12,RETIRADO,,2024-08-24
1077,1721,124,2024-07-03,REPROBADO,67.02,
1078,1723,153,2024-07-03,REPROBADO,57.88,
1079,1725,88,2024-07-08,APROBADO,91.95,
1080,1726,157,2024-07-12,APROBADO,92.2,
1081,1728,123,2024-07-04,APROBADO,72.59,
1082,1731,112,2024-07-10,APROBADO,84.73,
1083,1734,92,2024-07-07,APROBADO,78.1,
1084,1735,120,2024-07-04,REPROBADO,38.97,
1085,1736,138,2024-07-03,REPROBADO,32.22,
1086,1737,97,2024-07-09,APROBADO,94.14,
1087,1743,124,2024-07-08,APROBADO,95.01,
1088,1745,94,2024-07-06,APROBADO,77.61,
1089,1746,112,2024-07-08,REPROBADO,28.01,
1090,1747,157,2024-07-09,REPROBADO,65.83,
1091,1748,147,2024-07-10,RETIRADO,,2024-08-19
1092,1753,90,2024-07-03,APROBADO,84.64,
1093,1754,160,2024-07-11,APROBADO,74.76,
1094,1756,102,2024-07-06,APROBADO,96.12,
1095,1759,148,2024-07-07,RETIRADO,,2024-09-14
1096,1761,161,2024-07-06,REPROBADO,20.57,
1097,1762,115,2024-07-08,APROBADO,74.43,
1098,1763,106,2024-07-04,RETIRADO,,2024-08-10
1099,1769,152,2024-07-08,APROBADO,87.05,
1100,1774,137,2024-07-05,REPROBADO,33.82,
1101,1775,83,2024-07-09,APROBADO,88.9,
1102,1776,130,2024-07-05,APROBADO,87.92,
1103,1778,137,2024-07-11,RETIRADO,,2024-09-04
1104,1780,112,2024-07-05,REPROBADO,57.01,
1105,1781,125,2024-07-06,APROBADO,93.97,
1106,1782,130,2024-07-06,APROBADO,97.17,
1107,1784,153,2024-07-03,REPROBADO,20.95,
1108,1787,144,2024-07-02,REPROBADO,41.53,
1109,1788,111,2024-07-08,APROBADO,72.07,
1110,1789,113,2024-07-02,REPROBADO,33.29,
1111,1793,94,2024-07-04,APROBADO,76.32,
1112,1794,104,2024-07-07,REPROBADO,32.98,
1113,1795,113,2024-07-02,APROBADO,78.98,
1114,1797,139,2024-07-07,APROBADO,74.48,
1115,1798,153,2024-07-12,APROBADO,83.21,
1116,1799,132,2024-07-05,APROBADO,81.71,
1117,1803,97,2024-07-04,REPROBADO,32.18,
1118,1810,117,2024-07-10,APROBADO,82.25,
1119,1812,92,2024-07-12,APROBADO,73.8,
1120,1813,107,2024-07-10,APROBADO,97.93,
1121,1816,158,2024-07-10,REPROBADO,60.92,
1122,1817,93,2024-07-12,REPROBADO,60.75,
1123,1819,112,2024-07-08,APROBADO,89.57,
1124,1821,104,2024-07-06,APROBADO,99.09,
1125,1823,92,2024-07-05,APROBADO,77.07,
1126,1830,115,2024-07-09,APROBADO,99.89,
1127,1831,134,2024-07-02,APROBADO,73.92,
1128,1834,156,2024-07-11,REPROBADO,21.19,
1129,1835,142,2024-07-03,APROBADO,80.78,
1130,1838,97,2024-07-12,APROBADO,70.4,
1131,1840,113,2024-07-12,APROBADO,95.6,
1132,1841,156,2024-07-12,APROBADO,91.95,
1133,1844,129,2024-07-10,APROBADO,89.02,
1134,1845,138,2024-07-06,APROBADO,98.19,
1135,1850,137,2024-07-03,APROBADO,87.58,
1136,1851,93,2024-07-03,APROBADO,82.96,
1137,1854,123,2024-07-04,APROBADO,88.87,
1138,1857,150,2024-07-07,REPROBADO,66.35,
1139,1859,133,2024-07-08,APROBADO,85.81,
1140,1861,152,2024-07-04,APROBADO,97.07,
1141,1868,137,2024-07-08,APROBADO,96.57,
1142,1871,116,2024-07-04,APROBADO,93.6,
1143,1872,137,2024-07-12,APROBADO,75.62,
1144,1877,160,2024-07-02,APROBADO,96.52,
1145,1878,122,2024-07-09,REPROBADO,31.36,
1146,1883,137,2024-07-06,APROBADO,80.45,
1147,1884,98,2024-07-03,APROBADO,94.99,
1148,1885,133,2024-07-05,APROBADO,95.75,
1149,1889,137,2024-07-07,REPROBADO,68.58,
1150,1897,83,2024-07-03,APROBADO,88.47,
1151,1899,143,2024-07-05,REPROBADO,28.85,
1152,1900,108,2024-07-05,REPROBADO,38.46,
1153,1904,152,2024-07-03,APROBADO,76.97,
1154,1905,158,2024-07-09,REPROBADO,30.95,
1155,1909,114,2024-07-08,REPROBADO,42.91,
1156,1911,143,2024-07-09,APROBADO,88.3,
1157,1913,114,2024-07-04,RETIRADO,,2024-08-10
1158,1915,130,2024-07-04,REPROBADO,42.25,
1159,1917,125,2024-07-11,APROBADO,85.84,
1160,1919,142,2024-07-10,APROBADO,76.45,
1161,1921,235,2025-02-06,REPROBADO,23.16,
1162,1922,173,2025-02-04,APROBADO,85.97,
1163,1923,182,2025-02-02,REPROBADO,36.11,
1164,1924,218,2025-02-02,APROBADO,77.03,
1165,1925,181,2025-02-05,APROBADO,92.46,
1166,1926,166,2025-02-06,REPROBADO,33.25,
1167,1927,190,2025-02-04,REPROBADO,68.89,
1168,1928,199,2025-02-10,REPROBADO,51.26,
1169,1929,175,2025-02-11,APROBADO,80.09,
1170,1930,165,2025-02-03,APROBADO,74.35,
1171,1931,235,2025-02-08,REPROBADO,41.14,
1172,1933,219,2025-02-05,APROBADO,78.98,
1173,1934,163,2025-02-05,APROBADO,99.35,
1174,1935,233,2025-02-08,APROBADO,83.89,
1175,1936,214,2025-02-07,REPROBADO,52.61,
1176,1937,229,2025-02-09,APROBADO,95.1,
1177,1938,174,2025-02-10,APROBADO,81.53,
1178,1939,163,2025-02-07,APROBADO,82.04,
1179,1940,214,2025-02-06,APROBADO,72.13,
1180,1941,211,2025-02-03,APROBADO,90.31,
1181,1942,184,2025-02-03,APROBADO,85.2,
1182,1943,176,2025-02-12,APROBADO,99.23,
1183,1944,193,2025-02-09,APROBADO,81.48,
1184,1945,186,2025-02-12,REPROBADO,63.25,
1185,1946,163,2025-02-07,APROBADO,96.85,
1186,1947,200,2025-02-02,REPROBADO,29.99,
1187,1948,209,2025-02-03,APROBADO,74.42,
1188,1949,238,2025-02-04,REPROBADO,63.51,
1189,1950,174,2025-02-10,APROBADO,84.03,
1190,1951,232,2025-02-04,APROBADO,72.07,
1191,1952,202,2025-02-10,REPROBADO,45.92,
1192,1953,202,2025-02-05,APROBADO,90.36,
1193,1954,220,2025-02-08,REPROBADO,53.08,
1194,1955,196,2025-02-11,APROBADO,89.16,
1195,1956,163,2025-02-09,REPROBADO,46.17,
1196,1957,208,2025-02-05,RETIRADO,,2025-04-10
1197,1958,165,2025-02-12,APROBADO,98.16,
1198,1959,230,2025-02-03,APROBADO,97.89,
1199,1960,173,2025-02-03,REPROBADO,54.18,
1200,1961,242,2025-02-09,RETIRADO,,2025-03-26
1201,1962,167,2025-02-07,APROBADO,79.54,
1202,1963,227,2025-02-11,RETIRADO,,2025-04-15
1203,1964,173,2025-02-08,APROBADO,78.22,
1204,1966,211,2025-02-02,REPROBADO,21.87,
1205,1967,227,2025-02-12,APROBADO,71.51,
1206,1968,200,2025-02-06,REPROBADO,44.56,
1207,1969,194,2025-02-11,APROBADO,88.07,
1208,1970,221,2025-02-04,APROBADO,98.19,
1209,1971,229,2025-02-12,REPROBADO,56.3,
1210,1972,209,2025-02-04,REPROBADO,53.51,
1211,1973,236,2025-02-05,APROBADO,84.62,
1212,1974,208,2025-02-04,APROBADO,76.89,
1213,1975,200,2025-02-10,APROBADO,85.31,
1214,1977,196,2025-02-03,REPROBADO,37.46,
1215,1978,184,2025-02-05,REPROBADO,34.88,
1216,1979,235,2025-02-06,RETIRADO,,2025-04-19
1217,1980,211,2025-02-05,APROBADO,83.97,
1218,1981,163,2025-02-10,APROBADO,89.69,
1219,1982,220,2025-02-06,APROBADO,89.9,
1220,1983,175,2025-02-11,APROBADO,94.63,
1221,1984,212,2025-02-04,APROBADO,80.81,
1222,1985,235,2025-02-04,APROBADO,81.71,
1223,1986,233,2025-02-04,APROBADO,73.68,
1224,1987,208,2025-02-08,APROBADO,89.59,
1225,1988,172,2025-02-02,APROBADO,95.85,
1226,1989,182,2025-02-04,RETIRADO,,2025-04-10
1227,1990,232,2025-02-05,APROBADO,96.43,
1228,1991,172,2025-02-08,APROBADO,95.83,
1229,1992,239,2025-02-12,APROBADO,85.08,
1230,1993,226,2025-02-07,REPROBADO,44.45,
1231,1994,220,2025-02-08,APROBADO,88.31,
1232,1995,164,2025-02-12,APROBADO,93.66,
1233,1996,182,2025-02-08,REPROBADO,24.17,
1234,1998,175,2025-02-08,APROBADO,82.25,
1235,1999,199,2025-02-05,APROBADO,95.11,
1236,2000,218,2025-02-07,RETIRADO,,2025-04-19
1237,2001,200,2025-02-10,APROBADO,98.55,
1238,2002,166,2025-02-03,REPROBADO,66.38,
1239,2003,235,2025-02-10,APROBADO,74.95,
1240,2004,224,2025-02-07,APROBADO,71.63,
1241,2006,176,2025-02-10,REPROBADO,66.7,
1242,2007,200,2025-02-11,APROBADO,82.31,
1243,2008,224,2025-02-05,APROBADO,96.42,
1244,2009,197,2025-02-11,REPROBADO,21.07,
1245,2010,241,2025-02-10,REPROBADO,35.77,
1246,2011,211,2025-02-10,REPROBADO,39.85,
1247,2012,173,2025-02-03,APROBADO,81.13,
1248,2013,174,2025-02-10,REPROBADO,39.89,
1249,2014,181,2025-02-11,APROBADO,99.8,
1250,2015,239,2025-02-07,APROBADO,76.05,
1251,2017,208,2025-02-10,REPROBADO,26.11,
1252,2018,182,2025-02-12,APROBADO,99.45,
1253,2019,238,2025-02-12,APROBADO,86.87,
1254,2020,172,2025-02-05,APROBADO,71.47,
1255,2021,187,2025-02-08,APROBADO,76.68,
1256,2022,172,2025-02-05,REPROBADO,25.96,
1257,2025,236,2025-02-11,APROBADO,98.41,
1258,2026,217,2025-02-10,APROBADO,72.34,
1259,2028,188,2025-02-11,APROBADO,92.87,
1260,2029,182,2025-02-12,RETIRADO,,2025-03-17
1261,2030,238,2025-02-12,APROBADO,97.93,
1262,2031,190,2025-02-12,APROBADO,76.45,
1263,2032,217,2025-02-12,APROBADO,81.11,
1264,2033,174,2025-02-03,APROBADO,74.25,
1265,2034,205,2025-02-11,REPROBADO,44.12,
1266,2035,209,2025-02-06,APROBADO,79.14,
1267,2036,183,2025-02-09,APROBADO,92.42,
1268,2037,187,2025-02-07,APROBADO,88.25,
1269,2038,180,2025-02-06,APROBADO,82.66,
1270,2039,201,2025-02-11,APROBADO,78.79,
1271,2041,186,2025-02-04,APROBADO,90.23,
1272,2042,205,2025-02-12,APROBADO,91.48,
1273,2044,208,2025-02-09,REPROBADO,26.12,
1274,2045,220,2025-02-11,RETIRADO,,2025-03-04
1275,2046,199,2025-02-07,RETIRADO,,2025-04-11
1276,2047,173,2025-02-10,REPROBADO,53.62,
1277,2048,184,2025-02-06,REPROBADO,64.34,
1278,2051,227,2025-02-05,APROBADO,84.07,
1279,2052,181,2025-02-11,APROBADO,81.75,
1280,2053,242,2025-02-06,APROBADO,95.59,
1281,2054,226,2025-02-02,APROBADO,79.0,
1282,2055,223,2025-02-03,APROBADO,77.36,
1283,2056,210,2025-02-08,APROBADO,78.15,
1284,2057,217,2025-02-06,APROBADO,95.23,
1285,2058,196,2025-02-04,APROBADO,93.52,
1286,2060,166,2025-02-03,REPROBADO,25.29,
1287,2061,174,2025-02-06,REPROBADO,39.9,
1288,2062,199,2025-02-02,REPROBADO,67.88,
1289,2064,164,2025-02-04,REPROBADO,36.84,
1290,2065,221,2025-02-12,APROBADO,94.56,
1291,2066,172,2025-02-04,REPROBADO,32.63,
1292,2067,199,2025-02-10,APROBADO,94.4,
1293,2068,167,2025-02-10,APROBADO,70.43,
1294,2069,211,2025-02-05,APROBADO,85.36,
1295,2071,175,2025-02-04,REPROBADO,46.45,
1296,2072,238,2025-02-09,RETIRADO,,2025-03-12
1297,2073,226,2025-02-02,RETIRADO,,2025-02-23
1298,2074,220,2025-02-07,REPROBADO,69.11,
1299,2075,174,2025-02-04,APROBADO,76.22,
1300,2076,201,2025-02-05,APROBADO,71.19,
1301,2077,237,2025-02-12,REPROBADO,55.85,
1302,2079,173,2025-02-12,REPROBADO,47.73,
1303,2080,224,2025-02-09,REPROBADO,68.26,
1304,2081,166,2025-02-02,REPROBADO,35.15,
1305,2083,174,2025-02-07,RETIRADO,,2025-03-15
1306,2084,229,2025-02-03,REPROBADO,62.07,
1307,2085,219,2025-02-11,APROBADO,85.16,
1308,2086,166,2025-02-06,APROBADO,93.58,
1309,2089,217,2025-02-07,APROBADO,80.8,
1310,2091,209,2025-02-10,APROBADO,71.07,
1311,2092,190,2025-02-09,APROBADO,84.1,
1312,2093,210,2025-02-03,APROBADO,70.07,
1313,2094,195,2025-02-06,APROBADO,71.15,
1314,2095,166,2025-02-11,APROBADO,81.7,
1315,2096,183,2025-02-02,APROBADO,77.43,
1316,2097,183,2025-02-04,APROBADO,94.26,
1317,2098,165,2025-02-12,RETIRADO,,2025-03-19
1318,2099,218,2025-02-05,APROBADO,84.53,
1319,2100,190,2025-02-05,APROBADO,95.94,
1320,2101,184,2025-02-08,APROBADO,74.75,
1321,2102,227,2025-02-05,APROBADO,80.04,
1322,2103,202,2025-02-02,RETIRADO,,2025-03-14
1323,2104,213,2025-02-03,REPROBADO,24.36,
1324,2105,221,2025-02-09,APROBADO,97.12,
1325,2106,227,2025-02-08,RETIRADO,,2025-04-09
1326,2108,184,2025-02-04,APROBADO,77.1,
1327,2109,226,2025-02-10,APROBADO,76.29,
1328,2110,181,2025-02-05,REPROBADO,62.38,
1329,2111,217,2025-02-06,REPROBADO,33.95,
1330,2114,212,2025-02-02,APROBADO,99.28,
1331,2115,193,2025-02-09,RETIRADO,,2025-03-18
1332,2117,229,2025-02-06,APROBADO,90.38,
1333,2118,196,2025-02-02,REPROBADO,42.21,
1334,2119,236,2025-02-11,APROBADO,75.6,
1335,2121,176,2025-02-07,APROBADO,87.06,
1336,2122,236,2025-02-05,APROBADO,98.27,
1337,2123,166,2025-02-11,APROBADO,80.74,
1338,2124,226,2025-02-06,APROBADO,99.84,
1339,2125,241,2025-02-02,REPROBADO,68.23,
1340,2126,184,2025-02-12,APROBADO,86.33,
1341,2127,193,2025-02-10,APROBADO,82.0,
1342,2128,177,2025-02-03,RETIRADO,,2025-03-26
1343,2134,191,2025-02-06,APROBADO,89.68,
1344,2136,227,2025-02-11,APROBADO,99.59,
1345,2138,203,2025-02-09,APROBADO,77.45,
1346,2140,190,2025-02-05,REPROBADO,36.57,
1347,2146,182,2025-02-03,REPROBADO,38.9,
1348,2147,230,2025-02-10,APROBADO,94.46,
1349,2148,223,2025-02-03,REPROBADO,65.76,
1350,2151,214,2025-02-11,APROBADO,84.3,
1351,2152,202,2025-02-05,REPROBADO,59.51,
1352,2155,169,2025-02-03,APROBADO,79.73,
1353,2156,174,2025-02-05,REPROBADO,46.16,
1354,2157,181,2025-02-09,APROBADO,87.65,
1355,2158,197,2025-02-08,APROBADO,82.34,
1356,2159,173,2025-02-08,RETIRADO,,2025-02-24
1357,2160,202,2025-02-09,APROBADO,75.16,
1358,2161,239,2025-02-10,APROBADO,94.19,
1359,2163,188,2025-02-04,RETIRADO,,2025-04-15
1360,2164,178,2025-02-03,APROBADO,92.4,
1361,2165,228,2025-02-07,REPROBADO,52.9,
1362,2166,236,2025-02-10,RETIRADO,,2025-03-25
1363,2167,209,2025-02-08,APROBADO,89.96,
1364,2168,173,2025-02-02,REPROBADO,61.41,
1365,2169,216,2025-02-05,REPROBADO,65.24,
1366,2170,233,2025-02-07,APROBADO,88.95,
1367,2171,218,2025-02-02,APROBADO,90.28,
1368,2172,193,2025-02-02,APROBADO,95.62,
1369,2173,200,2025-02-10,APROBADO,70.61,
1370,2175,184,2025-02-02,APROBADO,87.41,
1371,2176,241,2025-02-11,APROBADO,73.45,
1372,2178,183,2025-02-02,APROBADO,71.82,
1373,2180,223,2025-02-02,APROBADO,84.4,
1374,2182,230,2025-02-11,APROBADO,95.09,
1375,2183,214,2025-02-04,REPROBADO,42.59,
1376,2184,178,2025-02-03,APROBADO,92.89,
1377,2187,176,2025-02-11,APROBADO,72.37,
1378,2189,173,2025-02-08,APROBADO,81.08,
1379,2190,200,2025-02-06,APROBADO,98.2,
1380,2191,210,2025-02-02,REPROBADO,56.73,
1381,2193,214,2025-02-05,APROBADO,93.14,
1382,2194,178,2025-02-09,APROBADO,89.18,
1383,2196,241,2025-02-12,APROBADO,74.67,
1384,2199,200,2025-02-07,RETIRADO,,2025-04-11
1385,2200,167,2025-02-03,APROBADO,71.48,
1386,2202,168,2025-02-09,APROBADO,76.61,
1387,2203,210,2025-02-05,APROBADO,82.52,
1388,2204,236,2025-02-05,APROBADO,92.3,
1389,2208,168,2025-02-08,RETIRADO,,2025-03-14
1390,2209,209,2025-02-12,APROBADO,75.78,
1391,2211,236,2025-02-06,APROBADO,80.81,
1392,2214,173,2025-02-12,REPROBADO,42.39,
1393,2215,202,2025-02-08,APROBADO,76.96,
1394,2218,169,2025-02-03,APROBADO,96.72,
1395,2220,182,2025-02-11,APROBADO,73.04,
1396,2222,193,2025-02-02,REPROBADO,57.29,
1397,2223,173,2025-02-12,APROBADO,80.97,
1398,2225,219,2025-02-11,RETIRADO,,2025-04-09
1399,2228,175,2025-02-08,RETIRADO,,2025-03-20
1400,2229,227,2025-02-10,APROBADO,72.27,
1401,2230,180,2025-02-09,APROBADO,87.1,
1402,2232,209,2025-02-04,RETIRADO,,2025-03-31
1403,2233,178,2025-02-07,APROBADO,83.45,
1404,2236,228,2025-02-10,RETIRADO,,2025-04-02
1405,2237,187,2025-02-07,APROBADO,95.05,
1406,2240,178,2025-02-02,APROBADO,82.68,
1407,2241,180,2025-02-06,REPROBADO,22.89,
1408,2243,224,2025-02-10,APROBADO,94.12,
1409,2245,166,2025-02-12,APROBADO,90.31,
1410,2246,193,2025-02-09,APROBADO,76.66,
1411,2248,230,2025-02-11,REPROBADO,65.24,
1412,2249,219,2025-02-09,REPROBADO,69.68,
1413,2250,182,2025-02-05,APROBADO,79.77,
1414,2251,233,2025-02-09,APROBADO,73.82,
1415,2254,218,2025-02-09,REPROBADO,61.73,
1416,2255,204,2025-02-07,APROBADO,72.18,
1417,2256,182,2025-02-12,APROBADO,73.92,
1418,2257,191,2025-02-06,REPROBADO,27.95,
1419,2258,230,2025-02-05,APROBADO,93.24,
1420,2261,223,2025-02-11,APROBADO,80.06,
1421,2263,182,2025-02-06,APROBADO,95.26,
1422,2265,188,2025-02-10,REPROBADO,26.55,
1423,2266,219,2025-02-02,REPROBADO,68.18,
1424,2268,164,2025-02-03,REPROBADO,58.41,
1425,2275,167,2025-02-03,APROBADO,99.75,
1426,2276,200,2025-02-11,APROBADO,96.25,
1427,2277,191,2025-02-08,APROBADO,90.83,
1428,2278,183,2025-02-04,APROBADO,79.45,
1429,2280,223,2025-02-02,APROBADO,74.24,
1430,2281,186,2025-02-09,APROBADO,83.74,
1431,2283,231,2025-02-09,APROBADO,98.5,
1432,2284,194,2025-02-09,APROBADO,84.06,
1433,2285,164,2025-02-04,APROBADO,71.56,
1434,2286,179,2025-02-08,REPROBADO,44.5,
1435,2287,225,2025-02-10,REPROBADO,33.46,
1436,2288,230,2025-02-07,REPROBADO,51.88,
1437,2292,193,2025-02-02,REPROBADO,52.75,
1438,2293,183,2025-02-09,APROBADO,84.78,
1439,2294,222,2025-02-10,REPROBADO,21.39,
1440,2295,209,2025-02-02,APROBADO,77.11,
1441,2296,167,2025-02-03,APROBADO,85.07,
1442,2297,167,2025-02-07,REPROBADO,61.05,
1443,2298,183,2025-02-02,APROBADO,84.91,
1444,2300,213,2025-02-04,APROBADO,72.5,
1445,2302,175,2025-02-11,APROBADO,89.78,
1446,2305,236,2025-02-11,APROBADO,88.26,
1447,2306,209,2025-02-10,RETIRADO,,2025-03-25
1448,2307,191,2025-02-12,APROBADO,75.26,
1449,2308,184,2025-02-06,APROBADO,99.26,
1450,2309,193,2025-02-05,RETIRADO,,2025-04-19
1451,2310,229,2025-02-09,APROBADO,90.76,
1452,2311,170,2025-02-09,APROBADO,85.96,
1453,2313,218,2025-02-08,APROBADO,75.14,
1454,2314,202,2025-02-02,REPROBADO,23.29,
1455,2316,230,2025-02-11,APROBADO,73.42,
1456,2317,218,2025-02-06,REPROBADO,33.21,
1457,2318,233,2025-02-08,APROBADO,94.78,
1458,2319,187,2025-02-12,REPROBADO,41.31,
1459,2321,212,2025-02-06,APROBADO,74.36,
1460,2323,191,2025-02-02,APROBADO,86.68,
1461,2324,166,2025-02-06,APROBADO,93.73,
1462,2329,210,2025-02-06,APROBADO,87.0,
1463,2331,183,2025-02-09,APROBADO,71.09,
1464,2336,202,2025-02-12,APROBADO,71.44,
1465,2337,200,2025-02-07,REPROBADO,56.13,
1466,2338,182,2025-02-11,REPROBADO,42.89,
1467,2341,214,2025-02-07,APROBADO,81.43,
1468,2343,223,2025-02-09,REPROBADO,58.51,
1469,2344,177,2025-02-09,REPROBADO,52.05,
1470,2345,188,2025-02-12,APROBADO,86.83,
1471,2346,192,2025-02-04,APROBADO,80.62,
1472,2348,236,2025-02-05,APROBADO,97.48,
1473,2350,211,2025-02-08,APROBADO,92.39,
1474,2351,233,2025-02-02,APROBADO,83.23,
1475,2355,175,2025-02-12,RETIRADO,,2025-02-27
1476,2356,165,2025-02-06,REPROBADO,52.26,
1477,2357,220,2025-02-03,APROBADO,93.63,
1478,2358,194,2025-02-10,APROBADO,88.36,
1479,2359,166,2025-02-09,APROBADO,96.44,
1480,2360,173,2025-02-07,REPROBADO,20.96,
1481,2362,241,2025-02-12,REPROBADO,44.27,
1482,2365,220,2025-02-02,RETIRADO,,2025-04-08
1483,2368,203,2025-02-02,RETIRADO,,2025-03-20
1484,2370,176,2025-02-06,APROBADO,87.43,
1485,2371,191,2025-02-05,APROBADO,70.33,
1486,2372,205,2025-02-02,APROBADO,81.3,
1487,2374,188,2025-02-07,APROBADO,93.36,
1488,2375,167,2025-02-06,REPROBADO,32.69,
1489,2377,238,2025-02-09,APROBADO,85.62,
1490,2379,201,2025-02-08,APROBADO,86.2,
1491,2380,213,2025-02-07,APROBADO,94.19,
1492,2383,200,2025-02-10,APROBADO,95.16,
1493,2384,218,2025-02-04,RETIRADO,,2025-02-24
1494,2385,169,2025-02-09,REPROBADO,52.15,
1495,2386,196,2025-02-07,APROBADO,90.02,
1496,2388,238,2025-02-06,APROBADO,77.56,
1497,2389,237,2025-02-09,RETIRADO,,2025-03-24
1498,2390,229,2025-02-09,APROBADO,71.19,
1499,2395,232,2025-02-10,APROBADO,93.14,
1500,2397,227,2025-02-11,APROBADO,86.15,
1501,2398,218,2025-02-02,REPROBADO,59.74,
1502,2400,209,2025-02-02,APROBADO,86.47,
1503,2401,196,2025-02-02,APROBADO,79.12,
1504,2405,189,2025-02-10,APROBADO,87.8,
1505,2407,170,2025-02-10,APROBADO,88.54,
1506,2409,194,2025-02-07,REPROBADO,27.63,
1507,2410,227,2025-02-09,REPROBADO,58.76,
1508,2411,174,2025-02-04,REPROBADO,67.62,
1509,2413,215,2025-02-05,APROBADO,82.0,
1510,2419,237,2025-02-08,APROBADO,95.8,
1511,2422,230,2025-02-10,APROBADO,93.38,
1512,2423,176,2025-02-05,RETIRADO,,2025-04-02
1513,2424,187,2025-02-06,APROBADO,71.26,
1514,2425,182,2025-02-04,REPROBADO,53.37,
1515,2426,239,2025-02-03,RETIRADO,,2025-03-02
1516,2427,192,2025-02-02,APROBADO,94.75,
1517,2428,164,2025-02-10,REPROBADO,50.79,
1518,2433,192,2025-02-09,RETIRADO,,2025-04-11
1519,2435,205,2025-02-12,APROBADO,78.08,
1520,2436,173,2025-02-07,APROBADO,80.37,
1521,2437,237,2025-02-06,REPROBADO,34.01,
1522,2440,175,2025-02-05,APROBADO,90.56,
1523,2441,167,2025-02-08,APROBADO,90.76,
1524,2443,219,2025-02-03,REPROBADO,54.02,
1525,2445,202,2025-02-05,RETIRADO,,2025-02-26
1526,2446,221,2025-02-06,APROBADO,95.18,
1527,2447,187,2025-02-05,RETIRADO,,2025-03-30
1528,2449,210,2025-02-02,REPROBADO,61.6,
1529,2451,204,2025-02-07,APROBADO,70.05,
1530,2453,223,2025-02-05,REPROBADO,68.68,
1531,2455,201,2025-02-02,APROBADO,89.03,
1532,2456,211,2025-02-03,APROBADO,82.55,
1533,2457,169,2025-02-06,APROBADO,96.07,
1534,2459,211,2025-02-05,APROBADO,72.69,
1535,2460,175,2025-02-11,APROBADO,87.02,
1536,2461,183,2025-02-07,APROBADO,79.82,
1537,2462,168,2025-02-07,APROBADO,76.02,
1538,2467,223,2025-02-08,APROBADO,73.23,
1539,2468,202,2025-02-03,APROBADO,70.02,
1540,2469,239,2025-02-11,REPROBADO,25.84,
1541,2470,179,2025-02-11,APROBADO,96.96,
1542,2471,214,2025-02-03,APROBADO,74.21,
1543,2473,224,2025-02-08,APROBADO,77.15,
1544,2475,176,2025-02-11,APROBADO,89.18,
1545,2477,239,2025-02-06,APROBADO,78.41,
1546,2478,167,2025-02-09,APROBADO,71.11,
1547,2481,182,2025-02-09,APROBADO,99.34,
1548,2483,192,2025-02-07,REPROBADO,59.62,
1549,2484,170,2025-02-10,RETIRADO,,2025-04-07
1550,2485,173,2025-02-03,APROBADO,76.37,
1551,2489,200,2025-02-07,REPROBADO,69.05,
1552,2493,212,2025-02-03,APROBADO,98.12,
1553,2494,164,2025-02-10,APROBADO,99.41,
1554,2497,240,2025-02-07,APROBADO,81.33,
1555,2501,187,2025-02-05,APROBADO,82.22,
1556,2503,229,2025-02-08,APROBADO,75.2,
1557,2504,203,2025-02-09,RETIRADO,,2025-03-11
1558,2505,233,2025-02-04,APROBADO,97.97,
1559,2508,204,2025-02-06,RETIRADO,,2025-04-11
1560,2509,237,2025-02-02,APROBADO,91.83,
1561,2510,200,2025-02-02,APROBADO,82.87,
1562,2514,175,2025-02-07,RETIRADO,,2025-04-03
1563,2515,201,2025-02-03,APROBADO,98.8,
1564,2516,193,2025-02-11,APROBADO,92.83,
1565,2518,229,2025-02-12,REPROBADO,55.51,
1566,2520,237,2025-02-09,APROBADO,70.43,
1567,2521,211,2025-02-06,APROBADO,89.53,
1568,2522,194,2025-02-09,RETIRADO,,2025-02-24
1569,2523,164,2025-02-08,APROBADO,89.91,
1570,2525,185,2025-02-11,APROBADO,87.75,
1571,2526,236,2025-02-05,REPROBADO,25.18,
1572,2529,193,2025-02-07,APROBADO,91.02,
1573,2531,231,2025-02-03,RETIRADO,,2025-02-22
1574,2534,201,2025-02-10,APROBADO,81.97,
1575,2536,233,2025-02-04,APROBADO,97.05,
1576,2537,219,2025-02-06,APROBADO,82.31,
1577,2539,212,2025-02-03,REPROBADO,35.35,
1578,2540,202,2025-02-09,APROBADO,99.58,
1579,2545,193,2025-02-12,REPROBADO,36.38,
1580,2546,228,2025-02-10,APROBADO,75.15,
1581,2547,165,2025-02-03,RETIRADO,,2025-03-25
1582,2548,182,2025-02-04,APROBADO,91.03,
1583,2550,200,2025-02-10,RETIRADO,,2025-04-20
1584,2551,227,2025-02-08,APROBADO,87.3,
1585,2554,193,2025-02-12,APROBADO,81.42,
1586,2555,211,2025-02-05,RETIRADO,,2025-03-15
1587,2560,164,2025-02-06,REPROBADO,58.43,
1588,2561,227,2025-02-03,REPROBADO,38.1,
1589,2563,205,2025-02-09,APROBADO,93.89,
1590,2564,180,2025-02-07,APROBADO,73.4,
1591,2565,219,2025-02-03,APROBADO,98.56,
1592,2571,218,2025-02-07,REPROBADO,48.26,
1593,2574,221,2025-02-09,APROBADO,70.07,
1594,2576,202,2025-02-10,APROBADO,86.71,
1595,2577,218,2025-02-02,REPROBADO,43.44,
1596,2578,231,2025-02-03,APROBADO,74.03,
1597,2579,192,2025-02-03,APROBADO,70.02,
1598,2580,203,2025-02-10,REPROBADO,31.89,
1599,2581,206,2025-02-03,REPROBADO,35.49,
1600,2582,193,2025-02-02,REPROBADO,52.76,
1601,2585,237,2025-02-04,APROBADO,84.59,
1602,2586,230,2025-02-07,APROBADO,89.54,
1603,2587,187,2025-02-11,APROBADO,88.91,
1604,2588,204,2025-02-12,APROBADO,79.56,
1605,2589,220,2025-02-09,APROBADO,81.73,
1606,2590,165,2025-02-09,APROBADO,85.53,
1607,2591,184,2025-02-11,APROBADO,74.46,
1608,2594,178,2025-02-10,APROBADO,76.66,
1609,2595,183,2025-02-02,APROBADO,82.67,
1610,2596,196,2025-02-09,APROBADO,74.66,
1611,2598,202,2025-02-09,APROBADO,97.62,
1612,2599,242,2025-02-11,APROBADO,78.57,
1613,2600,191,2025-02-05,RETIRADO,,2025-02-21
1614,2601,229,2025-02-09,REPROBADO,32.45,
1615,2602,194,2025-02-03,APROBADO,70.08,
1616,2603,170,2025-02-06,APROBADO,87.75,
1617,2605,191,2025-02-12,APROBADO,80.93,
1618,2606,219,2025-02-08,APROBADO,99.7,
1619,2613,221,2025-02-08,REPROBADO,33.83,
1620,2614,229,2025-02-02,APROBADO,91.04,
1621,2616,191,2025-02-09,APROBADO,79.25,
1622,2618,222,2025-02-06,APROBADO,94.34,
1623,2619,201,2025-02-12,APROBADO,76.09,
1624,2620,227,2025-02-10,APROBADO,86.92,
1625,2624,223,2025-02-10,APROBADO,77.37,
1626,2625,184,2025-02-11,APROBADO,94.51,
1627,2627,203,2025-02-03,APROBADO,89.28,
1628,2628,164,2025-02-05,APROBADO,98.49,
1629,2632,237,2025-02-03,APROBADO,80.75,
1630,2635,213,2025-02-12,APROBADO,82.14,
1631,2636,200,2025-02-08,REPROBADO,52.73,
1632,2637,214,2025-02-06,APROBADO,78.42,
1633,2638,220,2025-02-10,APROBADO,90.15,
1634,2639,205,2025-02-02,APROBADO,84.9,
1635,2640,193,2025-02-04,REPROBADO,34.99,
1636,2642,165,2025-02-02,APROBADO,81.53,
1637,2644,194,2025-02-10,APROBADO,86.73,
1638,2645,215,2025-02-11,APROBADO,93.97,
1639,2655,234,2025-02-09,RETIRADO,,2025-02-26
1640,2657,202,2025-02-04,REPROBADO,26.88,
1641,2661,165,2025-02-02,APROBADO,70.36,
1642,2662,242,2025-02-09,REPROBADO,28.12,
1643,2666,207,2025-02-09,APROBADO,97.11,
1644,2667,238,2025-02-10,RETIRADO,,2025-02-23
1645,2668,179,2025-02-02,APROBADO,84.02,
1646,2669,205,2025-02-11,RETIRADO,,2025-04-08
1647,2670,219,2025-02-07,APROBADO,71.8,
1648,2671,232,2025-02-11,APROBADO,74.7,
1649,2673,206,2025-02-07,APROBADO,73.98,
1650,2674,218,2025-02-07,RETIRADO,,2025-03-29
1651,2676,212,2025-02-12,REPROBADO,44.8,
1652,2677,187,2025-02-08,REPROBADO,64.22,
1653,2681,227,2025-02-06,APROBADO,98.05,
1654,2686,168,2025-02-12,REPROBADO,50.31,
1655,2691,202,2025-02-04,APROBADO,75.73,
1656,2692,210,2025-02-12,APROBADO,91.28,
1657,2696,174,2025-02-12,APROBADO,92.55,
1658,2702,227,2025-02-12,REPROBADO,52.01,
1659,2706,197,2025-02-05,APROBADO,89.53,
1660,2707,202,2025-02-08,APROBADO,88.58,
1661,2710,221,2025-02-11,APROBADO,83.64,
1662,2711,194,2025-02-04,APROBADO,77.0,
1663,2712,238,2025-02-08,APROBADO,90.17,
1664,2713,241,2025-02-07,APROBADO,96.85,
1665,2719,168,2025-02-03,APROBADO,99.09,
1666,2720,228,2025-02-11,APROBADO,72.57,
1667,2724,220,2025-02-04,APROBADO,80.95,
1668,2726,223,2025-02-06,APROBADO,97.64,
1669,2728,187,2025-02-11,APROBADO,75.77,
1670,2730,205,2025-02-04,APROBADO,75.79,
1671,2735,174,2025-02-03,REPROBADO,30.27,
1672,2738,218,2025-02-10,REPROBADO,63.09,
1673,2742,202,2025-02-04,APROBADO,95.71,
1674,2743,177,2025-02-09,RETIRADO,,2025-04-04
1675,2744,191,2025-02-02,APROBADO,72.46,
1676,2747,184,2025-02-07,RETIRADO,,2025-04-10
1677,2750,223,2025-02-11,RETIRADO,,2025-04-07
1678,2754,171,2025-02-11,REPROBADO,64.04,
1679,2759,203,2025-02-08,APROBADO,89.16,
1680,2760,210,2025-02-11,APROBADO,80.96,
1681,2764,191,2025-02-06,APROBADO,99.58,
1682,2765,238,2025-02-04,REPROBADO,68.95,
1683,2768,228,2025-02-03,APROBADO,96.9,
1684,2770,191,2025-02-08,APROBADO,97.09,
1685,2773,196,2025-02-10,REPROBADO,42.26,
1686,2774,176,2025-02-08,APROBADO,98.29,
1687,2775,169,2025-02-08,APROBADO,88.3,
1688,2777,169,2025-02-04,APROBADO,89.58,
1689,2779,197,2025-02-10,APROBADO,79.47,
1690,2781,240,2025-02-02,APROBADO,87.31,
1691,2783,165,2025-02-07,APROBADO,83.67,
1692,2785,167,2025-02-07,APROBADO,97.26,
1693,2788,239,2025-02-04,REPROBADO,44.02,
1694,2792,242,2025-02-04,APROBADO,80.55,
1695,2793,170,2025-02-09,APROBADO,96.52,
1696,2796,185,2025-02-06,REPROBADO,32.19,
1697,2797,237,2025-02-09,APROBADO,72.66,
1698,2804,232,2025-02-10,APROBADO,98.06,
1699,2805,202,2025-02-10,REPROBADO,24.05,
1700,2808,239,2025-02-04,APROBADO,75.3,
1701,2814,196,2025-02-03,APROBADO,97.76,
1702,2821,186,2025-02-09,REPROBADO,28.77,
1703,2825,238,2025-02-08,APROBADO,80.04,
1704,2827,164,2025-02-05,APROBADO,71.97,
1705,2830,193,2025-02-09,APROBADO,72.39,
1706,2839,203,2025-02-07,RETIRADO,,2025-04-03
1707,2841,218,2025-02-06,APROBADO,95.58,
1708,2842,184,2025-02-07,RETIRADO,,2025-03-11
1709,2844,241,2025-02-06,REPROBADO,59.19,
1710,2845,231,2025-02-11,APROBADO,77.45,
1711,2846,185,2025-02-07,APROBADO,71.46,
1712,2848,222,2025-02-06,REPROBADO,66.09,
1713,2851,242,2025-02-04,APROBADO,86.7,
1714,2857,210,2025-02-07,APROBADO,85.64,
1715,2861,200,2025-02-08,APROBADO,99.52,
1716,2864,194,2025-02-09,APROBADO,93.98,
1717,2866,200,2025-02-04,REPROBADO,56.79,
1718,2869,164,2025-02-11,REPROBADO,24.74,
1719,2871,184,2025-02-09,APROBADO,88.86,
1720,2873,200,2025-02-02,APROBADO,74.17,
1721,2875,233,2025-02-09,RETIRADO,,2025-03-05
1722,2877,203,2025-02-08,REPROBADO,24.28,
1723,2881,280,2025-07-04,APROBADO,89.76,
1724,2882,263,2025-07-03,APROBADO,73.27,
1725,2883,322,2025-07-10,APROBADO,91.58,
1726,2884,302,2025-07-02,APROBADO,72.1,
1727,2885,263,2025-07-04,APROBADO,84.38,
1728,2886,282,2025-07-04,REPROBADO,61.47,
1729,2887,307,2025-07-08,APROBADO,71.77,
1730,2888,319,2025-07-06,APROBADO,73.55,
1731,2889,252,2025-07-10,APROBADO,72.83,
1732,2890,271,2025-07-02,REPROBADO,23.25,
1733,2891,265,2025-07-08,APROBADO,81.55,
1734,2892,320,2025-07-12,REPROBADO,47.64,
1735,2893,261,2025-07-12,APROBADO,89.76,
1736,2894,317,2025-07-10,APROBADO,95.04,
1737,2895,272,2025-07-07,REPROBADO,43.42,
1738,2896,281,2025-07-09,APROBADO,96.47,
1739,2897,262,2025-07-03,APROBADO,96.34,
1740,2898,298,2025-07-04,APROBADO,83.96,
1741,2900,280,2025-07-05,APROBADO,99.49,
1742,2901,260,2025-07-04,APROBADO,96.86,
1743,2902,289,2025-07-10,APROBADO,74.83,
1744,2904,266,2025-07-02,RETIRADO,,2025-08-02
1745,2905,298,2025-07-03,REPROBADO,39.06,
1746,2906,289,2025-07-05,APROBADO,88.23,
1747,2907,322,2025-07-09,APROBADO,95.92,
1748,2908,271,2025-07-12,RETIRADO,,2025-08-31
1749,2910,245,2025-07-03,APROBADO,71.8,
1750,2911,320,2025-07-04,APROBADO,94.01,
1751,2912,299,2025-07-09,APROBADO,81.73,
1752,2913,314,2025-07-06,APROBADO,99.47,
1753,2914,271,2025-07-02,APROBADO,76.65,
1754,2915,281,2025-07-09,APROBADO,99.33,
1755,2916,317,2025-07-02,RETIRADO,,2025-09-05
1756,2917,291,2025-07-03,APROBADO,75.3,
1757,2918,309,2025-07-02,APROBADO,98.47,
1758,2919,254,2025-07-08,APROBADO,71.87,
1759,2920,275,2025-07-10,APROBADO,94.11,
1760,2921,316,2025-07-09,APROBADO,77.21,
1761,2922,253,2025-07-07,APROBADO,95.49,
1762,2923,312,2025-07-10,RETIRADO,,2025-07-21
1763,2924,283,2025-07-02,APROBADO,82.67,
1764,2925,308,2025-07-10,APROBADO,91.58,
1765,2926,271,2025-07-10,REPROBADO,32.01,
1766,2927,262,2025-07-11,REPROBADO,43.57,
1767,2928,250,2025-07-10,REPROBADO,28.71,
1768,2929,317,2025-07-12,APROBADO,96.57,
1769,2930,255,2025-07-04,APROBADO,99.08,
1770,2931,245,2025-07-12,APROBADO,77.38,
1771,2932,279,2025-07-09,REPROBADO,20.8,
1772,2933,246,2025-07-02,APROBADO,76.16,
1773,2934,265,2025-07-05,APROBADO,78.74,
1774,2935,308,2025-07-07,APROBADO,75.05,
1775,2936,276,2025-07-07,APROBADO,80.12,
1776,2937,272,2025-07-06,APROBADO,91.0,
1777,2938,246,2025-07-11,APROBADO,81.93,
1778,2939,283,2025-07-04,APROBADO,74.11,
1779,2941,263,2025-07-08,APROBADO,83.29,
1780,2943,244,2025-07-07,APROBADO,72.86,
1781,2944,298,2025-07-04,REPROBADO,48.7,
1782,2945,280,2025-07-08,APROBADO,87.52,
1783,2947,259,2025-07-04,RETIRADO,,2025-08-13
1784,2948,271,2025-07-11,APROBADO,99.81,
1785,2949,272,2025-07-07,APROBADO,81.45,
1786,2950,290,2025-07-04,RETIRADO,,2025-09-10
1787,2952,265,2025-07-04,RETIRADO,,2025-08-19
1788,2953,309,2025-07-10,REPROBADO,37.09,
1789,2954,316,2025-07-02,RETIRADO,,2025-09-14
1790,2955,250,2025-07-05,REPROBADO,33.22,
1791,2956,262,2025-07-10,APROBADO,78.6,
1792,2957,309,2025-07-04,APROBADO,90.92,
1793,2958,297,2025-07-07,APROBADO,96.12,
1794,2959,262,2025-07-06,REPROBADO,49.42,
1795,2960,316,2025-07-09,RETIRADO,,2025-07-24
1796,2961,265,2025-07-05,APROBADO,82.38,
1797,2963,298,2025-07-03,REPROBADO,63.07,
1798,2964,244,2025-07-04,APROBADO,88.76,
1799,2965,289,2025-07-05,APROBADO,97.2,
1800,2966,253,2025-07-08,APROBADO,90.92,
1801,2967,281,2025-07-08,APROBADO,84.28,
1802,2968,262,2025-07-08,APROBADO,79.72,
1803,2970,253,2025-07-12,APROBADO,80.35,
1804,2971,296,2025-07-10,APROBADO,82.66,
1805,2972,316,2025-07-02,REPROBADO,66.8,
1806,2973,310,2025-07-05,RETIRADO,,2025-07-27
1807,2975,280,2025-07-07,REPROBADO,50.47,
1808,2976,316,2025-07-10,APROBADO,79.38,
1809,2977,259,2025-07-08,APROBADO,72.35,
1810,2979,291,2025-07-11,RETIRADO,,2025-08-04
1811,2980,286,2025-07-11,REPROBADO,47.37,
1812,2982,289,2025-07-04,APROBADO,92.94,
1813,2983,318,2025-07-05,APROBADO,81.25,
1814,2985,292,2025-07-02,REPROBADO,51.63,
1815,2986,298,2025-07-05,APROBADO,99.69,
1816,2987,319,2025-07-12,APROBADO,71.94,
1817,2990,253,2025-07-05,REPROBADO,69.6,
1818,2991,248,2025-07-08,APROBADO,94.82,
1819,2992,289,2025-07-04,APROBADO,94.34,
1820,2993,258,2025-07-05,APROBADO,76.3,
1821,2994,281,2025-07-07,APROBADO,71.69,
1822,2996,308,2025-07-12,REPROBADO,21.69,
1823,2997,244,2025-07-11,RETIRADO,,2025-08-18
1824,2998,287,2025-07-05,APROBADO,81.41,
1825,2999,255,2025-07-12,APROBADO,88.45,
1826,3002,265,2025-07-06,APROBADO,95.68,
1827,3003,244,2025-07-04,APROBADO,74.0,
1828,3005,303,2025-07-04,REPROBADO,53.55,
1829,3006,272,2025-07-09,REPROBADO,49.79,
1830,3007,244,2025-07-04,APROBADO,92.87,
1831,3008,281,2025-07-12,APROBADO,70.58,
1832,3009,276,2025-07-02,REPROBADO,52.46,
1833,3010,253,2025-07-04,REPROBADO,26.83,
1834,3013,256,2025-07-03,APROBADO,72.33,
1835,3014,274,2025-07-02,REPROBADO,41.67,
1836,3015,310,2025-07-05,RETIRADO,,2025-07-30
1837,3016,290,2025-07-03,APROBADO,99.52,
1838,3018,273,2025-07-09,APROBADO,95.85,
1839,3020,319,2025-07-04,REPROBADO,31.66,
1840,3021,284,2025-07-08,RETIRADO,,2025-08-26
1841,3022,308,2025-07-08,APROBADO,98.85,
1842,3023,278,2025-07-09,RETIRADO,,2025-08-14
1843,3024,299,2025-07-12,APROBADO,80.71,
1844,3025,265,2025-07-11,APROBADO,97.58,
1845,3026,273,2025-07-04,APROBADO,93.33,
1846,3027,290,2025-07-05,APROBADO,70.09,
1847,3030,270,2025-07-07,APROBADO,75.99,
1848,3031,301,2025-07-08,REPROBADO,34.62,
1849,3032,308,2025-07-09,RETIRADO,,2025-09-14
1850,3033,280,2025-07-11,APROBADO,82.64,
1851,3034,320,2025-07-10,APROBADO,76.2,
1852,3035,305,2025-07-11,APROBADO,81.85,
1853,3036,245,2025-07-09,APROBADO,75.9,
1854,3037,308,2025-07-09,APROBADO,92.31,
1855,3038,299,2025-07-11,RETIRADO,,2025-09-17
1856,3039,274,2025-07-08,APROBADO,80.43,
1857,3041,273,2025-07-02,APROBADO,89.77,
1858,3043,320,2025-07-02,APROBADO,79.97,
1859,3044,283,2025-07-04,APROBADO,99.65,
1860,3048,287,2025-07-06,APROBADO,82.47,
1861,3049,314,2025-07-12,APROBADO,96.81,
1862,3050,274,2025-07-10,APROBADO,73.84,
1863,3051,249,2025-07-05,APROBADO,70.29,
1864,3053,299,2025-07-02,APROBADO,98.73,
1865,3056,292,2025-07-08,APROBADO,73.75,
1866,3058,308,2025-07-11,APROBADO,95.38,
1867,3061,263,2025-07-11,RETIRADO,,2025-08-18
1868,3063,293,2025-07-03,APROBADO,88.17,
1869,3064,245,2025-07-11,APROBADO,76.39,
1870,3065,290,2025-07-08,RETIRADO,,2025-09-18
1871,3067,300,2025-07-10,APROBADO,99.72,
1872,3070,299,2025-07-12,REPROBADO,68.18,
1873,3071,263,2025-07-10,REPROBADO,49.95,
1874,3074,310,2025-07-06,APROBADO,87.61,
1875,3075,300,2025-07-03,APROBADO,81.57,
1876,3076,320,2025-07-04,APROBADO,82.33,
1877,3077,249,2025-07-05,RETIRADO,,2025-09-15
1878,3082,322,2025-07-02,RETIRADO,,2025-07-27
1879,3083,286,2025-07-11,RETIRADO,,2025-07-30
1880,3085,274,2025-07-10,RETIRADO,,2025-09-12
1881,3086,290,2025-07-08,APROBADO,84.98,
1882,3087,300,2025-07-08,APROBADO,88.7,
1883,3088,254,2025-07-10,REPROBADO,27.2,
1884,3089,257,2025-07-05,APROBADO,98.86,
1885,3090,273,2025-07-05,REPROBADO,29.85,
1886,3092,287,2025-07-04,APROBADO,99.04,
1887,3095,307,2025-07-12,APROBADO,79.44,
1888,3096,317,2025-07-07,RETIRADO,,2025-09-09
1889,3098,283,2025-07-11,APROBADO,76.97,
1890,3099,291,2025-07-07,APROBADO,72.05,
1891,3104,245,2025-07-09,RETIRADO,,2025-08-19
1892,3105,317,2025-07-06,APROBADO,93.15,
1893,3106,250,2025-07-04,APROBADO,87.18,
1894,3107,301,2025-07-02,APROBADO,93.4,
1895,3108,296,2025-07-04,APROBADO,74.38,
1896,3113,299,2025-07-08,APROBADO,84.16,
1897,3114,290,2025-07-03,REPROBADO,27.14,
1898,3115,248,2025-07-11,REPROBADO,37.7,
1899,3116,268,2025-07-09,REPROBADO,69.82,
1900,3120,310,2025-07-10,APROBADO,99.48,
1901,3121,305,2025-07-03,APROBADO,98.78,
1902,3124,319,2025-07-08,APROBADO,92.22,
1903,3125,266,2025-07-08,APROBADO,87.88,
1904,3126,260,2025-07-04,RETIRADO,,2025-08-18
1905,3127,307,2025-07-02,APROBADO,99.89,
1906,3128,291,2025-07-06,APROBADO,71.89,
1907,3129,308,2025-07-11,APROBADO,88.44,
1908,3133,320,2025-07-08,APROBADO,98.13,
1909,3134,299,2025-07-12,RETIRADO,,2025-08-04
1910,3135,256,2025-07-12,APROBADO,89.48,
1911,3136,275,2025-07-03,APROBADO,84.71,
1912,3139,299,2025-07-08,REPROBADO,60.56,
1913,3140,270,2025-07-04,REPROBADO,64.13,
1914,3143,263,2025-07-05,APROBADO,83.12,
1915,3144,307,2025-07-06,RETIRADO,,2025-09-11
1916,3145,306,2025-07-08,RETIRADO,,2025-08-05
1917,3149,245,2025-07-04,RETIRADO,,2025-09-14
1918,3150,284,2025-07-06,APROBADO,73.98,
1919,3151,307,2025-07-05,APROBADO,76.93,
1920,3152,263,2025-07-09,APROBADO,77.8,
1921,3154,291,2025-07-09,REPROBADO,28.82,
1922,3155,266,2025-07-09,APROBADO,77.36,
1923,3156,261,2025-07-12,APROBADO,75.05,
1924,3157,266,2025-07-12,APROBADO,85.59,
1925,3159,308,2025-07-07,APROBADO,96.1,
1926,3160,281,2025-07-03,APROBADO,83.73,
1927,3161,277,2025-07-12,REPROBADO,28.28,
1928,3163,281,2025-07-04,APROBADO,99.58,
1929,3165,319,2025-07-06,APROBADO,88.19,
1930,3166,291,2025-07-10,APROBADO,76.52,
1931,3167,263,2025-07-04,APROBADO,75.86,
1932,3169,266,2025-07-11,REPROBADO,40.29,
1933,3170,313,2025-07-06,APROBADO,74.73,
1934,3172,254,2025-07-10,REPROBADO,33.83,
1935,3176,313,2025-07-06,APROBADO,74.95,
1936,3177,323,2025-07-11,APROBADO,72.6,
1937,3181,268,2025-07-06,REPROBADO,37.41,
1938,3182,309,2025-07-04,APROBADO,95.18,
1939,3184,273,2025-07-10,APROBADO,78.27,
1940,3185,254,2025-07-12,APROBADO,98.07,
1941,3186,283,2025-07-04,RETIRADO,,2025-08-07
1942,3188,309,2025-07-10,REPROBADO,67.3,
1943,3189,255,2025-07-03,REPROBADO,57.48,
1944,3191,310,2025-07-12,APROBADO,97.87,
1945,3192,279,2025-07-07,APROBADO,98.77,
1946,3195,272,2025-07-03,RETIRADO,,2025-08-19
1947,3196,283,2025-07-05,REPROBADO,54.63,
1948,3198,249,2025-07-11,APROBADO,99.58,
1949,3199,259,2025-07-07,APROBADO,93.6,
1950,3200,311,2025-07-02,APROBADO,93.8,
1951,3201,299,2025-07-07,REPROBADO,56.85,
1952,3203,317,2025-07-12,RETIRADO,,2025-07-29
1953,3204,277,2025-07-12,REPROBADO,42.07,
1954,3205,309,2025-07-06,REPROBADO,30.92,
1955,3207,306,2025-07-10,APROBADO,90.86,
1956,3209,255,2025-07-10,REPROBADO,68.84,
1957,3211,286,2025-07-02,APROBADO,95.21,
1958,3213,269,2025-07-02,REPROBADO,63.83,
1959,3215,300,2025-07-03,APROBADO,93.79,
1960,3216,281,2025-07-10,APROBADO,87.37,
1961,3217,274,2025-07-09,RETIRADO,,2025-09-13
1962,3218,283,2025-07-10,APROBADO,76.26,
1963,3219,295,2025-07-05,REPROBADO,35.76,
1964,3220,314,2025-07-06,APROBADO,99.05,
1965,3222,273,2025-07-06,APROBADO,80.49,
1966,3223,282,2025-07-02,APROBADO,76.34,
1967,3224,291,2025-07-02,APROBADO,86.21,
1968,3225,245,2025-07-07,RETIRADO,,2025-09-11
1969,3227,281,2025-07-09,APROBADO,73.16,
1970,3232,281,2025-07-03,REPROBADO,60.66,
1971,3234,275,2025-07-02,REPROBADO,35.19,
1972,3236,292,2025-07-06,APROBADO,78.59,
1973,3237,277,2025-07-11,APROBADO,90.89,
1974,3238,264,2025-07-05,APROBADO,95.44,
1975,3239,254,2025-07-04,APROBADO,84.42,
1976,3240,250,2025-07-03,REPROBADO,32.64,
1977,3241,264,2025-07-09,APROBADO,92.86,
1978,3242,290,2025-07-11,RETIRADO,,2025-08-29
1979,3244,272,2025-07-07,REPROBADO,65.47,
1980,3245,273,2025-07-02,APROBADO,98.99,
1981,3246,305,2025-07-12,APROBADO,94.6,
1982,3250,300,2025-07-04,RETIRADO,,2025-08-10
1983,3251,247,2025-07-04,APROBADO,90.77,
1984,3252,292,2025-07-03,APROBADO,92.23,
1985,3253,299,2025-07-12,APROBADO,76.58,
1986,3254,256,2025-07-08,RETIRADO,,2025-08-05
1987,3255,311,2025-07-08,REPROBADO,57.9,
1988,3256,265,2025-07-10,REPROBADO,41.5,
1989,3257,247,2025-07-06,REPROBADO,47.83,
1990,3258,285,2025-07-09,APROBADO,88.47,
1991,3260,257,2025-07-10,REPROBADO,60.85,
1992,3262,301,2025-07-10,APROBADO,91.81,
1993,3264,245,2025-07-04,REPROBADO,59.89,
1994,3266,250,2025-07-04,APROBADO,84.23,
1995,3267,254,2025-07-06,APROBADO,88.25,
1996,3268,295,2025-07-02,APROBADO,81.4,
1997,3270,283,2025-07-12,REPROBADO,62.49,
1998,3271,308,2025-07-09,APROBADO,70.88,
1999,3272,322,2025-07-08,APROBADO,98.52,
2000,3273,245,2025-07-08,RETIRADO,,2025-08-27
2001,3274,310,2025-07-10,APROBADO,87.21,
2002,3276,273,2025-07-08,APROBADO,77.44,
2003,3277,286,2025-07-07,APROBADO,79.06,
2004,3281,319,2025-07-04,REPROBADO,31.1,
2005,3282,295,2025-07-05,RETIRADO,,2025-08-02
2006,3284,279,2025-07-04,APROBADO,92.23,
2007,3287,256,2025-07-09,APROBADO,84.37,
2008,3290,320,2025-07-10,APROBADO,90.91,
2009,3291,259,2025-07-12,APROBADO,71.16,
2010,3293,274,2025-07-08,REPROBADO,43.45,
2011,3294,323,2025-07-10,APROBADO,99.66,
2012,3297,281,2025-07-06,APROBADO,91.19,
2013,3298,293,2025-07-12,REPROBADO,44.69,
2014,3299,269,2025-07-05,REPROBADO,66.45,
2015,3301,319,2025-07-09,APROBADO,86.69,
2016,3302,292,2025-07-12,APROBADO,74.91,
2017,3304,281,2025-07-05,APROBADO,78.45,
2018,3305,265,2025-07-03,REPROBADO,61.62,
2019,3307,245,2025-07-07,APROBADO,95.35,
2020,3309,256,2025-07-03,APROBADO,91.78,
2021,3310,266,2025-07-10,APROBADO,84.57,
2022,3311,313,2025-07-06,REPROBADO,26.89,
2023,3312,245,2025-07-12,REPROBADO,59.62,
2024,3316,283,2025-07-06,REPROBADO,64.98,
2025,3317,246,2025-07-05,RETIRADO,,2025-09-17
2026,3318,317,2025-07-02,APROBADO,78.18,
2027,3320,255,2025-07-05,APROBADO,91.55,
2028,3321,304,2025-07-07,APROBADO,95.6,
2029,3325,299,2025-07-05,REPROBADO,30.01,
2030,3326,250,2025-07-09,REPROBADO,36.45,
2031,3328,265,2025-07-06,REPROBADO,29.87,
2032,3329,290,2025-07-04,REPROBADO,46.78,
2033,3334,283,2025-07-06,APROBADO,91.4,
2034,3335,263,2025-07-04,APROBADO,82.15,
2035,3336,292,2025-07-08,APROBADO,82.51,
2036,3339,269,2025-07-10,REPROBADO,43.04,
2037,3340,273,2025-07-03,APROBADO,72.29,
2038,3342,295,2025-07-12,APROBADO,97.72,
2039,3345,301,2025-07-09,RETIRADO,,2025-08-16
2040,3346,311,2025-07-05,APROBADO,95.29,
2041,3348,254,2025-07-11,APROBADO,84.33,
2042,3349,287,2025-07-12,REPROBADO,49.16,
2043,3351,274,2025-07-09,APROBADO,78.58,
2044,3352,317,2025-07-05,REPROBADO,30.82,
2045,3353,293,2025-07-04,APROBADO,70.69,
2046,3354,301,2025-07-12,REPROBADO,67.51,
2047,3356,259,2025-07-08,APROBADO,87.53,
2048,3358,246,2025-07-07,RETIRADO,,2025-08-22
2049,3359,322,2025-07-10,APROBADO,71.6,
2050,3360,314,2025-07-03,APROBADO,95.09,
2051,3361,256,2025-07-06,APROBADO,73.58,
2052,3363,265,2025-07-11,APROBADO,70.5,
2053,3365,246,2025-07-11,REPROBADO,56.93,
2054,3367,299,2025-07-08,APROBADO,93.23,
2055,3369,295,2025-07-09,APROBADO,97.49,
2056,3370,259,2025-07-10,APROBADO,82.31,
2057,3372,281,2025-07-09,RETIRADO,,2025-08-13
2058,3374,304,2025-07-05,APROBADO,92.72,
2059,3375,294,2025-07-09,APROBADO,98.54,
2060,3376,277,2025-07-04,APROBADO,90.76,
2061,3378,319,2025-07-08,APROBADO,85.79,
2062,3379,272,2025-07-08,RETIRADO,,2025-08-02
2063,3380,299,2025-07-03,REPROBADO,62.05,
2064,3381,264,2025-07-12,REPROBADO,54.94,
2065,3382,320,2025-07-02,APROBADO,93.97,
2066,3384,260,2025-07-11,APROBADO,77.87,
2067,3385,257,2025-07-08,APROBADO,84.69,
2068,3387,284,2025-07-07,REPROBADO,43.98,
2069,3393,301,2025-07-05,APROBADO,79.31,
2070,3394,286,2025-07-10,APROBADO,77.83,
2071,3396,294,2025-07-10,APROBADO,80.39,
2072,3397,290,2025-07-11,APROBADO,79.11,
2073,3398,309,2025-07-11,APROBADO,95.27,
2074,3399,246,2025-07-08,REPROBADO,25.78,
2075,3400,263,2025-07-04,REPROBADO,58.72,
2076,3401,282,2025-07-04,APROBADO,77.29,
2077,3403,245,2025-07-03,APROBADO,80.35,
2078,3404,313,2025-07-06,APROBADO,95.74,
2079,3405,290,2025-07-05,REPROBADO,49.52,
2080,3406,263,2025-07-02,APROBADO,76.75,
2081,3407,317,2025-07-09,APROBADO,76.55,
2082,3408,261,2025-07-03,RETIRADO,,2025-09-17
2083,3410,254,2025-07-02,APROBADO,78.02,
2084,3412,302,2025-07-06,APROBADO,94.03,
2085,3415,297,2025-07-05,REPROBADO,69.62,
2086,3416,250,2025-07-12,APROBADO,87.31,
2087,3419,245,2025-07-04,APROBADO,95.45,
2088,3421,257,2025-07-09,APROBADO,97.32,
2089,3422,251,2025-07-06,APROBADO,75.31,
2090,3423,272,2025-07-08,REPROBADO,35.85,
2091,3424,263,2025-07-04,APROBADO,81.12,
2092,3425,270,2025-07-12,REPROBADO,42.59,
2093,3426,317,2025-07-04,RETIRADO,,2025-08-17
2094,3428,299,2025-07-10,APROBADO,91.58,
2095,3430,273,2025-07-11,REPROBADO,55.76,
2096,3431,320,2025-07-09,APROBADO,94.61,
2097,3432,300,2025-07-03,APROBADO,73.23,
2098,3435,281,2025-07-12,APROBADO,94.19,
2099,3436,256,2025-07-03,REPROBADO,51.93,
2100,3437,282,2025-07-05,APROBADO,77.13,
2101,3438,276,2025-07-11,RETIRADO,,2025-08-25
2102,3442,263,2025-07-02,APROBADO,95.93,
2103,3443,313,2025-07-11,REPROBADO,43.81,
2104,3444,254,2025-07-10,APROBADO,91.17,
2105,3445,269,2025-07-04,APROBADO,97.62,
2106,3447,245,2025-07-09,APROBADO,71.12,
2107,3450,318,2025-07-11,APROBADO,70.25,
2108,3452,256,2025-07-07,APROBADO,96.67,
2109,3453,282,2025-07-03,RETIRADO,,2025-08-05
2110,3457,278,2025-07-11,RETIRADO,,2025-07-31
2111,3459,293,2025-07-03,REPROBADO,22.91,
2112,3462,272,2025-07-09,RETIRADO,,2025-07-30
2113,3463,319,2025-07-06,APROBADO,74.6,
2114,3464,287,2025-07-02,APROBADO,98.35,
2115,3465,292,2025-07-09,APROBADO,96.04,
2116,3466,299,2025-07-12,RETIRADO,,2025-07-31
2117,3467,275,2025-07-08,APROBADO,79.32,
2118,3468,323,2025-07-09,RETIRADO,,2025-08-19
2119,3470,284,2025-07-03,REPROBADO,21.87,
2120,3472,263,2025-07-09,APROBADO,86.6,
2121,3474,290,2025-07-07,REPROBADO,24.16,
2122,3478,276,2025-07-05,APROBADO,81.8,
2123,3482,306,2025-07-08,REPROBADO,46.52,
2124,3483,251,2025-07-05,APROBADO,88.51,
2125,3484,321,2025-07-06,RETIRADO,,2025-07-31
2126,3485,299,2025-07-03,APROBADO,96.59,
2127,3486,275,2025-07-02,RETIRADO,,2025-07-24
2128,3492,314,2025-07-11,APROBADO,70.14,
2129,3493,256,2025-07-05,APROBADO,82.77,
2130,3495,299,2025-07-03,APROBADO,81.95,
2131,3497,323,2025-07-10,APROBADO,96.02,
2132,3498,252,2025-07-09,RETIRADO,,2025-09-03
2133,3500,311,2025-07-09,APROBADO,83.57,
2134,3503,277,2025-07-12,REPROBADO,66.41,
2135,3506,312,2025-07-05,APROBADO,76.23,
2136,3508,267,2025-07-09,RETIRADO,,2025-08-02
2137,3510,282,2025-07-02,REPROBADO,68.23,
2138,3511,263,2025-07-10,REPROBADO,66.77,
2139,3512,291,2025-07-10,APROBADO,86.25,
2140,3513,264,2025-07-07,RETIRADO,,2025-07-31
2141,3514,256,2025-07-07,APROBADO,72.55,
2142,3515,249,2025-07-04,RETIRADO,,2025-08-16
2143,3516,302,2025-07-04,REPROBADO,28.97,
2144,3517,263,2025-07-11,APROBADO,77.28,
2145,3521,292,2025-07-02,RETIRADO,,2025-08-21
2146,3522,304,2025-07-07,APROBADO,94.84,
2147,3523,318,2025-07-06,REPROBADO,67.06,
2148,3527,264,2025-07-10,RETIRADO,,2025-08-17
2149,3528,259,2025-07-07,APROBADO,89.33,
2150,3531,263,2025-07-07,RETIRADO,,2025-08-09
2151,3532,320,2025-07-07,APROBADO,84.15,
2152,3533,311,2025-07-07,APROBADO,88.69,
2153,3534,323,2025-07-04,APROBADO,92.4,
2154,3535,291,2025-07-10,APROBADO,89.75,
2155,3536,263,2025-07-12,APROBADO,92.83,
2156,3538,293,2025-07-08,APROBADO,79.66,
2157,3539,319,2025-07-08,APROBADO,77.62,
2158,3542,291,2025-07-07,APROBADO,88.09,
2159,3543,250,2025-07-12,REPROBADO,60.22,
2160,3544,310,2025-07-12,REPROBADO,42.89,
2161,3545,277,2025-07-05,APROBADO,73.18,
2162,3546,301,2025-07-07,APROBADO,73.91,
2163,3549,274,2025-07-03,APROBADO,71.27,
2164,3551,310,2025-07-03,APROBADO,88.15,
2165,3552,295,2025-07-05,APROBADO,91.36,
2166,3553,290,2025-07-04,APROBADO,91.69,
2167,3555,279,2025-07-07,RETIRADO,,2025-07-20
2168,3558,319,2025-07-11,APROBADO,95.95,
2169,3564,292,2025-07-08,APROBADO,72.83,
2170,3566,303,2025-07-12,APROBADO,78.29,
2171,3567,313,2025-07-09,APROBADO,89.03,
2172,3568,254,2025-07-06,APROBADO,92.52,
2173,3569,319,2025-07-10,RETIRADO,,2025-08-07
2174,3571,300,2025-07-02,APROBADO,77.77,
2175,3572,248,2025-07-09,APROBADO,93.33,
2176,3573,256,2025-07-07,REPROBADO,58.35,
2177,3578,254,2025-07-04,APROBADO,93.34,
2178,3579,306,2025-07-07,APROBADO,96.03,
2179,3581,257,2025-07-02,APROBADO,85.01,
2180,3583,286,2025-07-07,APROBADO,76.71,
2181,3584,292,2025-07-06,APROBADO,88.0,
2182,3585,257,2025-07-11,RETIRADO,,2025-09-08
2183,3586,249,2025-07-10,APROBADO,99.94,
2184,3588,290,2025-07-02,APROBADO,90.09,
2185,3589,265,2025-07-02,APROBADO,90.4,
2186,3591,258,2025-07-08,APROBADO,78.12,
2187,3596,258,2025-07-09,APROBADO,70.31,
2188,3598,293,2025-07-07,APROBADO,83.38,
2189,3600,277,2025-07-08,APROBADO,91.45,
2190,3601,274,2025-07-07,APROBADO,96.13,
2191,3602,247,2025-07-11,APROBADO,71.36,
2192,3603,310,2025-07-11,APROBADO,75.79,
2193,3605,246,2025-07-10,APROBADO,85.01,
2194,3608,282,2025-07-05,REPROBADO,28.08,
2195,3609,290,2025-07-11,APROBADO,70.46,
2196,3613,319,2025-07-09,REPROBADO,48.22,
2197,3614,258,2025-07-07,REPROBADO,31.99,
2198,3616,265,2025-07-02,APROBADO,87.36,
2199,3621,292,2025-07-12,APROBADO,87.09,
2200,3624,258,2025-07-10,APROBADO,88.56,
2201,3627,266,2025-07-05,RETIRADO,,2025-09-02
2202,3629,266,2025-07-06,APROBADO,85.34,
2203,3634,274,2025-07-03,REPROBADO,45.85,
2204,3637,250,2025-07-08,APROBADO,80.66,
2205,3638,259,2025-07-02,APROBADO,83.08,
2206,3640,282,2025-07-12,APROBADO,71.97,
2207,3643,310,2025-07-09,APROBADO,79.47,
2208,3645,310,2025-07-08,REPROBADO,21.58,
2209,3646,319,2025-07-08,APROBADO,98.54,
2210,3647,247,2025-07-08,RETIRADO,,2025-08-01
2211,3648,258,2025-07-11,APROBADO,73.1,
2212,3650,309,2025-07-04,REPROBADO,60.44,
2213,3651,304,2025-07-11,REPROBADO,55.57,
2214,3652,259,2025-07-10,REPROBADO,21.2,
2215,3653,274,2025-07-03,REPROBADO,54.02,
2216,3654,256,2025-07-10,REPROBADO,51.15,
2217,3657,272,2025-07-10,REPROBADO,54.28,
2218,3659,246,2025-07-09,REPROBADO,43.85,
2219,3660,296,2025-07-02,REPROBADO,48.86,
2220,3661,322,2025-07-10,APROBADO,75.26,
2221,3664,266,2025-07-12,REPROBADO,45.16,
2222,3665,310,2025-07-12,APROBADO,92.83,
2223,3666,272,2025-07-10,APROBADO,72.96,
2224,3667,256,2025-07-07,RETIRADO,,2025-08-15
2225,3668,292,2025-07-07,APROBADO,97.98,
2226,3671,276,2025-07-08,APROBADO,75.31,
2227,3673,304,2025-07-10,APROBADO,99.7,
2228,3675,255,2025-07-02,APROBADO,79.36,
2229,3681,319,2025-07-08,REPROBADO,32.72,
2230,3682,274,2025-07-11,REPROBADO,58.09,
2231,3686,265,2025-07-11,APROBADO,82.94,
2232,3688,302,2025-07-05,APROBADO,72.53,
2233,3689,294,2025-07-11,REPROBADO,40.32,
2234,3694,272,2025-07-02,APROBADO,79.38,
2235,3696,261,2025-07-10,APROBADO,94.39,
2236,3699,272,2025-07-06,RETIRADO,,2025-07-26
2237,3700,247,2025-07-03,APROBADO,76.57,
2238,3704,319,2025-07-07,APROBADO,77.38,
2239,3705,311,2025-07-08,RETIRADO,,2025-08-22
2240,3706,319,2025-07-06,REPROBADO,54.66,
2241,3708,246,2025-07-10,APROBADO,80.98,
2242,3713,313,2025-07-10,APROBADO,96.64,
2243,3714,319,2025-07-04,REPROBADO,25.19,
2244,3715,277,2025-07-12,APROBADO,91.87,
2245,3717,265,2025-07-08,REPROBADO,53.4,
2246,3718,286,2025-07-10,APROBADO,88.01,
2247,3720,274,2025-07-04,RETIRADO,,2025-07-23
2248,3721,256,2025-07-11,APROBADO,85.45,
2249,3722,247,2025-07-04,APROBADO,88.26,
2250,3723,311,2025-07-02,APROBADO,91.98,
2251,3729,275,2025-07-09,APROBADO,98.7,
2252,3730,261,2025-07-07,APROBADO,99.23,
2253,3731,323,2025-07-06,APROBADO,89.38,
2254,3732,286,2025-07-06,APROBADO,82.48,
2255,3733,257,2025-07-10,APROBADO,73.86,
2256,3736,264,2025-07-04,APROBADO,81.14,
2257,3737,274,2025-07-09,REPROBADO,28.16,
2258,3740,301,2025-07-10,APROBADO,79.01,
2259,3743,247,2025-07-08,APROBADO,80.64,
2260,3744,303,2025-07-03,REPROBADO,35.99,
2261,3745,287,2025-07-12,APROBADO,97.76,
2262,3746,266,2025-07-07,REPROBADO,26.18,
2263,3747,254,2025-07-09,APROBADO,95.86,
2264,3748,301,2025-07-08,REPROBADO,57.45,
2265,3751,250,2025-07-04,REPROBADO,31.2,
2266,3752,312,2025-07-02,REPROBADO,59.63,
2267,3763,279,2025-07-10,APROBADO,84.89,
2268,3764,255,2025-07-04,REPROBADO,41.99,
2269,3766,299,2025-07-05,APROBADO,92.44,
2270,3767,284,2025-07-12,APROBADO,74.25,
2271,3769,264,2025-07-11,REPROBADO,46.86,
2272,3773,318,2025-07-11,REPROBADO,33.37,
2273,3782,313,2025-07-03,APROBADO,75.87,
2274,3785,323,2025-07-11,APROBADO,76.91,
2275,3788,272,2025-07-09,APROBADO,89.84,
2276,3794,268,2025-07-12,APROBADO,89.89,
2277,3800,269,2025-07-09,APROBADO,99.74,
2278,3801,264,2025-07-05,APROBADO,95.24,
2279,3803,254,2025-07-07,REPROBADO,22.24,
2280,3805,284,2025-07-04,APROBADO,73.92,
2281,3806,265,2025-07-07,REPROBADO,47.94,
2282,3811,254,2025-07-06,REPROBADO,66.79,
2283,3812,301,2025-07-05,APROBADO,76.57,
2284,3813,293,2025-07-05,RETIRADO,,2025-08-04
2285,3815,282,2025-07-04,APROBADO,96.91,
2286,3816,323,2025-07-10,APROBADO,97.23,
2287,3818,255,2025-07-07,REPROBADO,65.52,
2288,3820,286,2025-07-10,APROBADO,83.39,
2289,3823,269,2025-07-08,APROBADO,83.28,
2290,3826,300,2025-07-02,APROBADO,79.89,
2291,3828,310,2025-07-06,APROBADO,71.4,
2292,3829,311,2025-07-07,APROBADO,83.53,
2293,3831,260,2025-07-07,APROBADO,76.5,
2294,3837,293,2025-07-03,APROBADO,81.13,
2295,3838,304,2025-07-03,APROBADO,78.5,
